2026-05-04T19:54:43.098-03:00  INFO 77797 --- [api-externa-backend] [restartedMain] com.ApiExternaBackendApplication         : Starting ApiExternaBackendApplication using Java 17.0.16 with PID 77797 (/Users/lucas/Documents/Programacao/Spring/api-externa-backend/target/classes started by lucas in /Users/lucas/Documents/Programacao/Spring/api-externa-backend)
2026-05-04T19:54:43.102-03:00  INFO 77797 --- [api-externa-backend] [restartedMain] com.ApiExternaBackendApplication         : The following 1 profile is active: "test"
2026-05-04T19:54:43.134-03:00  INFO 77797 --- [api-externa-backend] [restartedMain] .e.DevToolsPropertyDefaultsPostProcessor : Devtools property defaults active! Set 'spring.devtools.add-properties' to 'false' to disable
2026-05-04T19:54:43.135-03:00  INFO 77797 --- [api-externa-backend] [restartedMain] .e.DevToolsPropertyDefaultsPostProcessor : For additional web related logging consider setting the 'logging.level.web' property to 'DEBUG'
2026-05-04T19:54:43.583-03:00  INFO 77797 --- [api-externa-backend] [restartedMain] .s.d.r.c.RepositoryConfigurationDelegate : Bootstrapping Spring Data JPA repositories in DEFAULT mode.
2026-05-04T19:54:43.617-03:00  INFO 77797 --- [api-externa-backend] [restartedMain] .s.d.r.c.RepositoryConfigurationDelegate : Finished Spring Data repository scanning in 30 ms. Found 2 JPA repository interfaces.
2026-05-04T19:54:43.680-03:00  INFO 77797 --- [api-externa-backend] [restartedMain] o.s.cloud.context.scope.GenericScope     : BeanFactory id=94ec2bbb-6b48-336a-a5b1-3dab0d29d059
2026-05-04T19:54:43.846-03:00  INFO 77797 --- [api-externa-backend] [restartedMain] o.s.b.w.embedded.tomcat.TomcatWebServer  : Tomcat initialized with port 8080 (http)
2026-05-04T19:54:43.853-03:00  INFO 77797 --- [api-externa-backend] [restartedMain] o.apache.catalina.core.StandardService   : Starting service [Tomcat]
2026-05-04T19:54:43.853-03:00  INFO 77797 --- [api-externa-backend] [restartedMain] o.apache.catalina.core.StandardEngine    : Starting Servlet engine: [Apache Tomcat/10.1.40]
2026-05-04T19:54:43.871-03:00  INFO 77797 --- [api-externa-backend] [restartedMain] o.a.c.c.C.[Tomcat].[localhost].[/]       : Initializing Spring embedded WebApplicationContext
2026-05-04T19:54:43.871-03:00  INFO 77797 --- [api-externa-backend] [restartedMain] w.s.c.ServletWebServerApplicationContext : Root WebApplicationContext: initialization completed in 736 ms
2026-05-04T19:54:43.933-03:00  INFO 77797 --- [api-externa-backend] [restartedMain] com.zaxxer.hikari.HikariDataSource       : HikariPool-1 - Starting...
2026-05-04T19:54:44.006-03:00  INFO 77797 --- [api-externa-backend] [restartedMain] com.zaxxer.hikari.pool.HikariPool        : HikariPool-1 - Added connection conn0: url=jdbc:h2:mem:cursodb user=SA
2026-05-04T19:54:44.006-03:00  INFO 77797 --- [api-externa-backend] [restartedMain] com.zaxxer.hikari.HikariDataSource       : HikariPool-1 - Start completed.
2026-05-04T19:54:44.021-03:00  INFO 77797 --- [api-externa-backend] [restartedMain] o.hibernate.jpa.internal.util.LogHelper  : HHH000204: Processing PersistenceUnitInfo [name: default]
2026-05-04T19:54:44.043-03:00  INFO 77797 --- [api-externa-backend] [restartedMain] org.hibernate.Version                    : HHH000412: Hibernate ORM core version 6.6.13.Final
2026-05-04T19:54:44.056-03:00  INFO 77797 --- [api-externa-backend] [restartedMain] o.h.c.internal.RegionFactoryInitiator    : HHH000026: Second-level cache disabled
2026-05-04T19:54:44.087-03:00 DEBUG 77797 --- [api-externa-backend] [restartedMain] org.hibernate.type.BasicTypeRegistry     : Adding type registration boolean -> org.hibernate.type.BasicTypeReference@5b4d6aca
2026-05-04T19:54:44.087-03:00 DEBUG 77797 --- [api-externa-backend] [restartedMain] org.hibernate.type.BasicTypeRegistry     : Adding type registration boolean -> org.hibernate.type.BasicTypeReference@5b4d6aca
2026-05-04T19:54:44.087-03:00 DEBUG 77797 --- [api-externa-backend] [restartedMain] org.hibernate.type.BasicTypeRegistry     : Adding type registration java.lang.Boolean -> org.hibernate.type.BasicTypeReference@5b4d6aca
2026-05-04T19:54:44.087-03:00 DEBUG 77797 --- [api-externa-backend] [restartedMain] org.hibernate.type.BasicTypeRegistry     : Adding type registration numeric_boolean -> org.hibernate.type.BasicTypeReference@4f8f19ff
2026-05-04T19:54:44.087-03:00 DEBUG 77797 --- [api-externa-backend] [restartedMain] org.hibernate.type.BasicTypeRegistry     : Adding type registration org.hibernate.type.NumericBooleanConverter -> org.hibernate.type.BasicTypeReference@4f8f19ff
2026-05-04T19:54:44.087-03:00 DEBUG 77797 --- [api-externa-backend] [restartedMain] org.hibernate.type.BasicTypeRegistry     : Adding type registration true_false -> org.hibernate.type.BasicTypeReference@2b2ef4c1
2026-05-04T19:54:44.087-03:00 DEBUG 77797 --- [api-externa-backend] [restartedMain] org.hibernate.type.BasicTypeRegistry     : Adding type registration org.hibernate.type.TrueFalseConverter -> org.hibernate.type.BasicTypeReference@2b2ef4c1
2026-05-04T19:54:44.087-03:00 DEBUG 77797 --- [api-externa-backend] [restartedMain] org.hibernate.type.BasicTypeRegistry     : Adding type registration yes_no -> org.hibernate.type.BasicTypeReference@3e106b9a
2026-05-04T19:54:44.087-03:00 DEBUG 77797 --- [api-externa-backend] [restartedMain] org.hibernate.type.BasicTypeRegistry     : Adding type registration org.hibernate.type.YesNoConverter -> org.hibernate.type.BasicTypeReference@3e106b9a
2026-05-04T19:54:44.087-03:00 DEBUG 77797 --- [api-externa-backend] [restartedMain] org.hibernate.type.BasicTypeRegistry     : Adding type registration byte -> org.hibernate.type.BasicTypeReference@ebb4da8
2026-05-04T19:54:44.087-03:00 DEBUG 77797 --- [api-externa-backend] [restartedMain] org.hibernate.type.BasicTypeRegistry     : Adding type registration byte -> org.hibernate.type.BasicTypeReference@ebb4da8
2026-05-04T19:54:44.087-03:00 DEBUG 77797 --- [api-externa-backend] [restartedMain] org.hibernate.type.BasicTypeRegistry     : Adding type registration java.lang.Byte -> org.hibernate.type.BasicTypeReference@ebb4da8
2026-05-04T19:54:44.088-03:00 DEBUG 77797 --- [api-externa-backend] [restartedMain] org.hibernate.type.BasicTypeRegistry     : Adding type registration binary -> org.hibernate.type.BasicTypeReference@39ccfd61
2026-05-04T19:54:44.088-03:00 DEBUG 77797 --- [api-externa-backend] [restartedMain] org.hibernate.type.BasicTypeRegistry     : Adding type registration byte[] -> org.hibernate.type.BasicTypeReference@39ccfd61
2026-05-04T19:54:44.088-03:00 DEBUG 77797 --- [api-externa-backend] [restartedMain] org.hibernate.type.BasicTypeRegistry     : Adding type registration [B -> org.hibernate.type.BasicTypeReference@39ccfd61
2026-05-04T19:54:44.088-03:00 DEBUG 77797 --- [api-externa-backend] [restartedMain] org.hibernate.type.BasicTypeRegistry     : Adding type registration binary_wrapper -> org.hibernate.type.BasicTypeReference@ceba55f
2026-05-04T19:54:44.088-03:00 DEBUG 77797 --- [api-externa-backend] [restartedMain] org.hibernate.type.BasicTypeRegistry     : Adding type registration wrapper-binary -> org.hibernate.type.BasicTypeReference@ceba55f
2026-05-04T19:54:44.088-03:00 DEBUG 77797 --- [api-externa-backend] [restartedMain] org.hibernate.type.BasicTypeRegistry     : Adding type registration image -> org.hibernate.type.BasicTypeReference@52126656
2026-05-04T19:54:44.088-03:00 DEBUG 77797 --- [api-externa-backend] [restartedMain] org.hibernate.type.BasicTypeRegistry     : Adding type registration blob -> org.hibernate.type.BasicTypeReference@73d8b1c7
2026-05-04T19:54:44.088-03:00 DEBUG 77797 --- [api-externa-backend] [restartedMain] org.hibernate.type.BasicTypeRegistry     : Adding type registration java.sql.Blob -> org.hibernate.type.BasicTypeReference@73d8b1c7
2026-05-04T19:54:44.088-03:00 DEBUG 77797 --- [api-externa-backend] [restartedMain] org.hibernate.type.BasicTypeRegistry     : Adding type registration materialized_blob -> org.hibernate.type.BasicTypeReference@600d3496
2026-05-04T19:54:44.088-03:00 DEBUG 77797 --- [api-externa-backend] [restartedMain] org.hibernate.type.BasicTypeRegistry     : Adding type registration materialized_blob_wrapper -> org.hibernate.type.BasicTypeReference@311da495
2026-05-04T19:54:44.088-03:00 DEBUG 77797 --- [api-externa-backend] [restartedMain] org.hibernate.type.BasicTypeRegistry     : Adding type registration short -> org.hibernate.type.BasicTypeReference@70fc4436
2026-05-04T19:54:44.088-03:00 DEBUG 77797 --- [api-externa-backend] [restartedMain] org.hibernate.type.BasicTypeRegistry     : Adding type registration short -> org.hibernate.type.BasicTypeReference@70fc4436
2026-05-04T19:54:44.088-03:00 DEBUG 77797 --- [api-externa-backend] [restartedMain] org.hibernate.type.BasicTypeRegistry     : Adding type registration java.lang.Short -> org.hibernate.type.BasicTypeReference@70fc4436
2026-05-04T19:54:44.088-03:00 DEBUG 77797 --- [api-externa-backend] [restartedMain] org.hibernate.type.BasicTypeRegistry     : Adding type registration integer -> org.hibernate.type.BasicTypeReference@469c9567
2026-05-04T19:54:44.088-03:00 DEBUG 77797 --- [api-externa-backend] [restartedMain] org.hibernate.type.BasicTypeRegistry     : Adding type registration int -> org.hibernate.type.BasicTypeReference@469c9567
2026-05-04T19:54:44.088-03:00 DEBUG 77797 --- [api-externa-backend] [restartedMain] org.hibernate.type.BasicTypeRegistry     : Adding type registration java.lang.Integer -> org.hibernate.type.BasicTypeReference@469c9567
2026-05-04T19:54:44.088-03:00 DEBUG 77797 --- [api-externa-backend] [restartedMain] org.hibernate.type.BasicTypeRegistry     : Adding type registration long -> org.hibernate.type.BasicTypeReference@4f3cb0a6
2026-05-04T19:54:44.088-03:00 DEBUG 77797 --- [api-externa-backend] [restartedMain] org.hibernate.type.BasicTypeRegistry     : Adding type registration long -> org.hibernate.type.BasicTypeReference@4f3cb0a6
2026-05-04T19:54:44.088-03:00 DEBUG 77797 --- [api-externa-backend] [restartedMain] org.hibernate.type.BasicTypeRegistry     : Adding type registration java.lang.Long -> org.hibernate.type.BasicTypeReference@4f3cb0a6
2026-05-04T19:54:44.088-03:00 DEBUG 77797 --- [api-externa-backend] [restartedMain] org.hibernate.type.BasicTypeRegistry     : Adding type registration float -> org.hibernate.type.BasicTypeReference@13598cd8
2026-05-04T19:54:44.088-03:00 DEBUG 77797 --- [api-externa-backend] [restartedMain] org.hibernate.type.BasicTypeRegistry     : Adding type registration float -> org.hibernate.type.BasicTypeReference@13598cd8
2026-05-04T19:54:44.088-03:00 DEBUG 77797 --- [api-externa-backend] [restartedMain] org.hibernate.type.BasicTypeRegistry     : Adding type registration java.lang.Float -> org.hibernate.type.BasicTypeReference@13598cd8
2026-05-04T19:54:44.088-03:00 DEBUG 77797 --- [api-externa-backend] [restartedMain] org.hibernate.type.BasicTypeRegistry     : Adding type registration double -> org.hibernate.type.BasicTypeReference@116a771
2026-05-04T19:54:44.088-03:00 DEBUG 77797 --- [api-externa-backend] [restartedMain] org.hibernate.type.BasicTypeRegistry     : Adding type registration double -> org.hibernate.type.BasicTypeReference@116a771
2026-05-04T19:54:44.088-03:00 DEBUG 77797 --- [api-externa-backend] [restartedMain] org.hibernate.type.BasicTypeRegistry     : Adding type registration java.lang.Double -> org.hibernate.type.BasicTypeReference@116a771
2026-05-04T19:54:44.089-03:00 DEBUG 77797 --- [api-externa-backend] [restartedMain] org.hibernate.type.BasicTypeRegistry     : Adding type registration big_integer -> org.hibernate.type.BasicTypeReference@23832d99
2026-05-04T19:54:44.089-03:00 DEBUG 77797 --- [api-externa-backend] [restartedMain] org.hibernate.type.BasicTypeRegistry     : Adding type registration java.math.BigInteger -> org.hibernate.type.BasicTypeReference@23832d99
2026-05-04T19:54:44.089-03:00 DEBUG 77797 --- [api-externa-backend] [restartedMain] org.hibernate.type.BasicTypeRegistry     : Adding type registration big_decimal -> org.hibernate.type.BasicTypeReference@99010cf
2026-05-04T19:54:44.089-03:00 DEBUG 77797 --- [api-externa-backend] [restartedMain] org.hibernate.type.BasicTypeRegistry     : Adding type registration java.math.BigDecimal -> org.hibernate.type.BasicTypeReference@99010cf
2026-05-04T19:54:44.089-03:00 DEBUG 77797 --- [api-externa-backend] [restartedMain] org.hibernate.type.BasicTypeRegistry     : Adding type registration character -> org.hibernate.type.BasicTypeReference@56707269
2026-05-04T19:54:44.089-03:00 DEBUG 77797 --- [api-externa-backend] [restartedMain] org.hibernate.type.BasicTypeRegistry     : Adding type registration char -> org.hibernate.type.BasicTypeReference@56707269
2026-05-04T19:54:44.089-03:00 DEBUG 77797 --- [api-externa-backend] [restartedMain] org.hibernate.type.BasicTypeRegistry     : Adding type registration java.lang.Character -> org.hibernate.type.BasicTypeReference@56707269
2026-05-04T19:54:44.089-03:00 DEBUG 77797 --- [api-externa-backend] [restartedMain] org.hibernate.type.BasicTypeRegistry     : Adding type registration character_nchar -> org.hibernate.type.BasicTypeReference@62697af9
2026-05-04T19:54:44.089-03:00 DEBUG 77797 --- [api-externa-backend] [restartedMain] org.hibernate.type.BasicTypeRegistry     : Adding type registration string -> org.hibernate.type.BasicTypeReference@58bc7cc8
2026-05-04T19:54:44.089-03:00 DEBUG 77797 --- [api-externa-backend] [restartedMain] org.hibernate.type.BasicTypeRegistry     : Adding type registration java.lang.String -> org.hibernate.type.BasicTypeReference@58bc7cc8
2026-05-04T19:54:44.089-03:00 DEBUG 77797 --- [api-externa-backend] [restartedMain] org.hibernate.type.BasicTypeRegistry     : Adding type registration nstring -> org.hibernate.type.BasicTypeReference@51a30978
2026-05-04T19:54:44.089-03:00 DEBUG 77797 --- [api-externa-backend] [restartedMain] org.hibernate.type.BasicTypeRegistry     : Adding type registration characters -> org.hibernate.type.BasicTypeReference@495da1f
2026-05-04T19:54:44.089-03:00 DEBUG 77797 --- [api-externa-backend] [restartedMain] org.hibernate.type.BasicTypeRegistry     : Adding type registration char[] -> org.hibernate.type.BasicTypeReference@495da1f
2026-05-04T19:54:44.089-03:00 DEBUG 77797 --- [api-externa-backend] [restartedMain] org.hibernate.type.BasicTypeRegistry     : Adding type registration [C -> org.hibernate.type.BasicTypeReference@495da1f
2026-05-04T19:54:44.089-03:00 DEBUG 77797 --- [api-externa-backend] [restartedMain] org.hibernate.type.BasicTypeRegistry     : Adding type registration wrapper-characters -> org.hibernate.type.BasicTypeReference@2d02c6c6
2026-05-04T19:54:44.089-03:00 DEBUG 77797 --- [api-externa-backend] [restartedMain] org.hibernate.type.BasicTypeRegistry     : Adding type registration text -> org.hibernate.type.BasicTypeReference@16e3b592
2026-05-04T19:54:44.089-03:00 DEBUG 77797 --- [api-externa-backend] [restartedMain] org.hibernate.type.BasicTypeRegistry     : Adding type registration ntext -> org.hibernate.type.BasicTypeReference@5f4296ff
2026-05-04T19:54:44.089-03:00 DEBUG 77797 --- [api-externa-backend] [restartedMain] org.hibernate.type.BasicTypeRegistry     : Adding type registration clob -> org.hibernate.type.BasicTypeReference@752dfa2a
2026-05-04T19:54:44.089-03:00 DEBUG 77797 --- [api-externa-backend] [restartedMain] org.hibernate.type.BasicTypeRegistry     : Adding type registration java.sql.Clob -> org.hibernate.type.BasicTypeReference@752dfa2a
2026-05-04T19:54:44.089-03:00 DEBUG 77797 --- [api-externa-backend] [restartedMain] org.hibernate.type.BasicTypeRegistry     : Adding type registration nclob -> org.hibernate.type.BasicTypeReference@4ea236bf
2026-05-04T19:54:44.089-03:00 DEBUG 77797 --- [api-externa-backend] [restartedMain] org.hibernate.type.BasicTypeRegistry     : Adding type registration java.sql.NClob -> org.hibernate.type.BasicTypeReference@4ea236bf
2026-05-04T19:54:44.089-03:00 DEBUG 77797 --- [api-externa-backend] [restartedMain] org.hibernate.type.BasicTypeRegistry     : Adding type registration materialized_clob -> org.hibernate.type.BasicTypeReference@45e645dc
2026-05-04T19:54:44.089-03:00 DEBUG 77797 --- [api-externa-backend] [restartedMain] org.hibernate.type.BasicTypeRegistry     : Adding type registration materialized_clob_char_array -> org.hibernate.type.BasicTypeReference@e58c6f1
2026-05-04T19:54:44.089-03:00 DEBUG 77797 --- [api-externa-backend] [restartedMain] org.hibernate.type.BasicTypeRegistry     : Adding type registration materialized_clob_character_array -> org.hibernate.type.BasicTypeReference@14be81ba
2026-05-04T19:54:44.089-03:00 DEBUG 77797 --- [api-externa-backend] [restartedMain] org.hibernate.type.BasicTypeRegistry     : Adding type registration materialized_nclob -> org.hibernate.type.BasicTypeReference@4b764a5c
2026-05-04T19:54:44.090-03:00 DEBUG 77797 --- [api-externa-backend] [restartedMain] org.hibernate.type.BasicTypeRegistry     : Adding type registration materialized_nclob_character_array -> org.hibernate.type.BasicTypeReference@3c492e4b
2026-05-04T19:54:44.090-03:00 DEBUG 77797 --- [api-externa-backend] [restartedMain] org.hibernate.type.BasicTypeRegistry     : Adding type registration materialized_nclob_char_array -> org.hibernate.type.BasicTypeReference@746e187d
2026-05-04T19:54:44.090-03:00 DEBUG 77797 --- [api-externa-backend] [restartedMain] org.hibernate.type.BasicTypeRegistry     : Adding type registration Duration -> org.hibernate.type.BasicTypeReference@14bde41b
2026-05-04T19:54:44.090-03:00 DEBUG 77797 --- [api-externa-backend] [restartedMain] org.hibernate.type.BasicTypeRegistry     : Adding type registration java.time.Duration -> org.hibernate.type.BasicTypeReference@14bde41b
2026-05-04T19:54:44.090-03:00 DEBUG 77797 --- [api-externa-backend] [restartedMain] org.hibernate.type.BasicTypeRegistry     : Adding type registration LocalDateTime -> org.hibernate.type.BasicTypeReference@6d60787a
2026-05-04T19:54:44.090-03:00 DEBUG 77797 --- [api-externa-backend] [restartedMain] org.hibernate.type.BasicTypeRegistry     : Adding type registration java.time.LocalDateTime -> org.hibernate.type.BasicTypeReference@6d60787a
2026-05-04T19:54:44.090-03:00 DEBUG 77797 --- [api-externa-backend] [restartedMain] org.hibernate.type.BasicTypeRegistry     : Adding type registration LocalDate -> org.hibernate.type.BasicTypeReference@18ae38eb
2026-05-04T19:54:44.090-03:00 DEBUG 77797 --- [api-externa-backend] [restartedMain] org.hibernate.type.BasicTypeRegistry     : Adding type registration java.time.LocalDate -> org.hibernate.type.BasicTypeReference@18ae38eb
2026-05-04T19:54:44.090-03:00 DEBUG 77797 --- [api-externa-backend] [restartedMain] org.hibernate.type.BasicTypeRegistry     : Adding type registration LocalTime -> org.hibernate.type.BasicTypeReference@1c877673
2026-05-04T19:54:44.090-03:00 DEBUG 77797 --- [api-externa-backend] [restartedMain] org.hibernate.type.BasicTypeRegistry     : Adding type registration java.time.LocalTime -> org.hibernate.type.BasicTypeReference@1c877673
2026-05-04T19:54:44.090-03:00 DEBUG 77797 --- [api-externa-backend] [restartedMain] org.hibernate.type.BasicTypeRegistry     : Adding type registration OffsetDateTime -> org.hibernate.type.BasicTypeReference@6761d4c4
2026-05-04T19:54:44.090-03:00 DEBUG 77797 --- [api-externa-backend] [restartedMain] org.hibernate.type.BasicTypeRegistry     : Adding type registration java.time.OffsetDateTime -> org.hibernate.type.BasicTypeReference@6761d4c4
2026-05-04T19:54:44.090-03:00 DEBUG 77797 --- [api-externa-backend] [restartedMain] org.hibernate.type.BasicTypeRegistry     : Adding type registration OffsetDateTimeWithTimezone -> org.hibernate.type.BasicTypeReference@9acd3fa
2026-05-04T19:54:44.090-03:00 DEBUG 77797 --- [api-externa-backend] [restartedMain] org.hibernate.type.BasicTypeRegistry     : Adding type registration OffsetDateTimeWithoutTimezone -> org.hibernate.type.BasicTypeReference@602cdb44
2026-05-04T19:54:44.090-03:00 DEBUG 77797 --- [api-externa-backend] [restartedMain] org.hibernate.type.BasicTypeRegistry     : Adding type registration OffsetTime -> org.hibernate.type.BasicTypeReference@473f1ddc
2026-05-04T19:54:44.090-03:00 DEBUG 77797 --- [api-externa-backend] [restartedMain] org.hibernate.type.BasicTypeRegistry     : Adding type registration java.time.OffsetTime -> org.hibernate.type.BasicTypeReference@473f1ddc
2026-05-04T19:54:44.090-03:00 DEBUG 77797 --- [api-externa-backend] [restartedMain] org.hibernate.type.BasicTypeRegistry     : Adding type registration OffsetTimeUtc -> org.hibernate.type.BasicTypeReference@2e91360b
2026-05-04T19:54:44.090-03:00 DEBUG 77797 --- [api-externa-backend] [restartedMain] org.hibernate.type.BasicTypeRegistry     : Adding type registration OffsetTimeWithTimezone -> org.hibernate.type.BasicTypeReference@41cd1320
2026-05-04T19:54:44.090-03:00 DEBUG 77797 --- [api-externa-backend] [restartedMain] org.hibernate.type.BasicTypeRegistry     : Adding type registration OffsetTimeWithoutTimezone -> org.hibernate.type.BasicTypeReference@47bd06a6
2026-05-04T19:54:44.090-03:00 DEBUG 77797 --- [api-externa-backend] [restartedMain] org.hibernate.type.BasicTypeRegistry     : Adding type registration ZonedDateTime -> org.hibernate.type.BasicTypeReference@78532270
2026-05-04T19:54:44.090-03:00 DEBUG 77797 --- [api-externa-backend] [restartedMain] org.hibernate.type.BasicTypeRegistry     : Adding type registration java.time.ZonedDateTime -> org.hibernate.type.BasicTypeReference@78532270
2026-05-04T19:54:44.090-03:00 DEBUG 77797 --- [api-externa-backend] [restartedMain] org.hibernate.type.BasicTypeRegistry     : Adding type registration ZonedDateTimeWithTimezone -> org.hibernate.type.BasicTypeReference@5f55621f
2026-05-04T19:54:44.090-03:00 DEBUG 77797 --- [api-externa-backend] [restartedMain] org.hibernate.type.BasicTypeRegistry     : Adding type registration ZonedDateTimeWithoutTimezone -> org.hibernate.type.BasicTypeReference@76a82ec6
2026-05-04T19:54:44.090-03:00 DEBUG 77797 --- [api-externa-backend] [restartedMain] org.hibernate.type.BasicTypeRegistry     : Adding type registration date -> org.hibernate.type.BasicTypeReference@598f8e83
2026-05-04T19:54:44.090-03:00 DEBUG 77797 --- [api-externa-backend] [restartedMain] org.hibernate.type.BasicTypeRegistry     : Adding type registration java.sql.Date -> org.hibernate.type.BasicTypeReference@598f8e83
2026-05-04T19:54:44.090-03:00 DEBUG 77797 --- [api-externa-backend] [restartedMain] org.hibernate.type.BasicTypeRegistry     : Adding type registration time -> org.hibernate.type.BasicTypeReference@382e6760
2026-05-04T19:54:44.090-03:00 DEBUG 77797 --- [api-externa-backend] [restartedMain] org.hibernate.type.BasicTypeRegistry     : Adding type registration java.sql.Time -> org.hibernate.type.BasicTypeReference@382e6760
2026-05-04T19:54:44.090-03:00 DEBUG 77797 --- [api-externa-backend] [restartedMain] org.hibernate.type.BasicTypeRegistry     : Adding type registration timestamp -> org.hibernate.type.BasicTypeReference@4c9fafe0
2026-05-04T19:54:44.090-03:00 DEBUG 77797 --- [api-externa-backend] [restartedMain] org.hibernate.type.BasicTypeRegistry     : Adding type registration java.sql.Timestamp -> org.hibernate.type.BasicTypeReference@4c9fafe0
2026-05-04T19:54:44.090-03:00 DEBUG 77797 --- [api-externa-backend] [restartedMain] org.hibernate.type.BasicTypeRegistry     : Adding type registration java.util.Date -> org.hibernate.type.BasicTypeReference@4c9fafe0
2026-05-04T19:54:44.090-03:00 DEBUG 77797 --- [api-externa-backend] [restartedMain] org.hibernate.type.BasicTypeRegistry     : Adding type registration calendar -> org.hibernate.type.BasicTypeReference@7bf666ab
2026-05-04T19:54:44.090-03:00 DEBUG 77797 --- [api-externa-backend] [restartedMain] org.hibernate.type.BasicTypeRegistry     : Adding type registration java.util.Calendar -> org.hibernate.type.BasicTypeReference@7bf666ab
2026-05-04T19:54:44.090-03:00 DEBUG 77797 --- [api-externa-backend] [restartedMain] org.hibernate.type.BasicTypeRegistry     : Adding type registration java.util.GregorianCalendar -> org.hibernate.type.BasicTypeReference@7bf666ab
2026-05-04T19:54:44.090-03:00 DEBUG 77797 --- [api-externa-backend] [restartedMain] org.hibernate.type.BasicTypeRegistry     : Adding type registration calendar_date -> org.hibernate.type.BasicTypeReference@5e2814c0
2026-05-04T19:54:44.090-03:00 DEBUG 77797 --- [api-externa-backend] [restartedMain] org.hibernate.type.BasicTypeRegistry     : Adding type registration calendar_time -> org.hibernate.type.BasicTypeReference@15f67d02
2026-05-04T19:54:44.090-03:00 DEBUG 77797 --- [api-externa-backend] [restartedMain] org.hibernate.type.BasicTypeRegistry     : Adding type registration instant -> org.hibernate.type.BasicTypeReference@24a730f3
2026-05-04T19:54:44.090-03:00 DEBUG 77797 --- [api-externa-backend] [restartedMain] org.hibernate.type.BasicTypeRegistry     : Adding type registration java.time.Instant -> org.hibernate.type.BasicTypeReference@24a730f3
2026-05-04T19:54:44.090-03:00 DEBUG 77797 --- [api-externa-backend] [restartedMain] org.hibernate.type.BasicTypeRegistry     : Adding type registration uuid -> org.hibernate.type.BasicTypeReference@6c2cd9f2
2026-05-04T19:54:44.090-03:00 DEBUG 77797 --- [api-externa-backend] [restartedMain] org.hibernate.type.BasicTypeRegistry     : Adding type registration java.util.UUID -> org.hibernate.type.BasicTypeReference@6c2cd9f2
2026-05-04T19:54:44.090-03:00 DEBUG 77797 --- [api-externa-backend] [restartedMain] org.hibernate.type.BasicTypeRegistry     : Adding type registration pg-uuid -> org.hibernate.type.BasicTypeReference@6c2cd9f2
2026-05-04T19:54:44.090-03:00 DEBUG 77797 --- [api-externa-backend] [restartedMain] org.hibernate.type.BasicTypeRegistry     : Adding type registration uuid-binary -> org.hibernate.type.BasicTypeReference@723c5ea3
2026-05-04T19:54:44.090-03:00 DEBUG 77797 --- [api-externa-backend] [restartedMain] org.hibernate.type.BasicTypeRegistry     : Adding type registration uuid-char -> org.hibernate.type.BasicTypeReference@5484238b
2026-05-04T19:54:44.090-03:00 DEBUG 77797 --- [api-externa-backend] [restartedMain] org.hibernate.type.BasicTypeRegistry     : Adding type registration class -> org.hibernate.type.BasicTypeReference@4939b140
2026-05-04T19:54:44.090-03:00 DEBUG 77797 --- [api-externa-backend] [restartedMain] org.hibernate.type.BasicTypeRegistry     : Adding type registration java.lang.Class -> org.hibernate.type.BasicTypeReference@4939b140
2026-05-04T19:54:44.090-03:00 DEBUG 77797 --- [api-externa-backend] [restartedMain] org.hibernate.type.BasicTypeRegistry     : Adding type registration currency -> org.hibernate.type.BasicTypeReference@435012dc
2026-05-04T19:54:44.090-03:00 DEBUG 77797 --- [api-externa-backend] [restartedMain] org.hibernate.type.BasicTypeRegistry     : Adding type registration Currency -> org.hibernate.type.BasicTypeReference@435012dc
2026-05-04T19:54:44.091-03:00 DEBUG 77797 --- [api-externa-backend] [restartedMain] org.hibernate.type.BasicTypeRegistry     : Adding type registration java.util.Currency -> org.hibernate.type.BasicTypeReference@435012dc
2026-05-04T19:54:44.091-03:00 DEBUG 77797 --- [api-externa-backend] [restartedMain] org.hibernate.type.BasicTypeRegistry     : Adding type registration locale -> org.hibernate.type.BasicTypeReference@53098553
2026-05-04T19:54:44.091-03:00 DEBUG 77797 --- [api-externa-backend] [restartedMain] org.hibernate.type.BasicTypeRegistry     : Adding type registration java.util.Locale -> org.hibernate.type.BasicTypeReference@53098553
2026-05-04T19:54:44.091-03:00 DEBUG 77797 --- [api-externa-backend] [restartedMain] org.hibernate.type.BasicTypeRegistry     : Adding type registration serializable -> org.hibernate.type.BasicTypeReference@26646cc2
2026-05-04T19:54:44.091-03:00 DEBUG 77797 --- [api-externa-backend] [restartedMain] org.hibernate.type.BasicTypeRegistry     : Adding type registration java.io.Serializable -> org.hibernate.type.BasicTypeReference@26646cc2
2026-05-04T19:54:44.091-03:00 DEBUG 77797 --- [api-externa-backend] [restartedMain] org.hibernate.type.BasicTypeRegistry     : Adding type registration timezone -> org.hibernate.type.BasicTypeReference@22537aff
2026-05-04T19:54:44.091-03:00 DEBUG 77797 --- [api-externa-backend] [restartedMain] org.hibernate.type.BasicTypeRegistry     : Adding type registration java.util.TimeZone -> org.hibernate.type.BasicTypeReference@22537aff
2026-05-04T19:54:44.091-03:00 DEBUG 77797 --- [api-externa-backend] [restartedMain] org.hibernate.type.BasicTypeRegistry     : Adding type registration ZoneOffset -> org.hibernate.type.BasicTypeReference@61d64a9b
2026-05-04T19:54:44.091-03:00 DEBUG 77797 --- [api-externa-backend] [restartedMain] org.hibernate.type.BasicTypeRegistry     : Adding type registration java.time.ZoneOffset -> org.hibernate.type.BasicTypeReference@61d64a9b
2026-05-04T19:54:44.091-03:00 DEBUG 77797 --- [api-externa-backend] [restartedMain] org.hibernate.type.BasicTypeRegistry     : Adding type registration url -> org.hibernate.type.BasicTypeReference@7eea78ef
2026-05-04T19:54:44.091-03:00 DEBUG 77797 --- [api-externa-backend] [restartedMain] org.hibernate.type.BasicTypeRegistry     : Adding type registration java.net.URL -> org.hibernate.type.BasicTypeReference@7eea78ef
2026-05-04T19:54:44.091-03:00 DEBUG 77797 --- [api-externa-backend] [restartedMain] org.hibernate.type.BasicTypeRegistry     : Adding type registration vector -> org.hibernate.type.BasicTypeReference@7b6d098c
2026-05-04T19:54:44.091-03:00 DEBUG 77797 --- [api-externa-backend] [restartedMain] org.hibernate.type.BasicTypeRegistry     : Adding type registration float_vector -> org.hibernate.type.BasicTypeReference@4250109c
2026-05-04T19:54:44.091-03:00 DEBUG 77797 --- [api-externa-backend] [restartedMain] org.hibernate.type.BasicTypeRegistry     : Adding type registration double_vector -> org.hibernate.type.BasicTypeReference@110108df
2026-05-04T19:54:44.091-03:00 DEBUG 77797 --- [api-externa-backend] [restartedMain] org.hibernate.type.BasicTypeRegistry     : Adding type registration byte_vector -> org.hibernate.type.BasicTypeReference@3c013710
2026-05-04T19:54:44.091-03:00 DEBUG 77797 --- [api-externa-backend] [restartedMain] org.hibernate.type.BasicTypeRegistry     : Adding type registration row_version -> org.hibernate.type.BasicTypeReference@2fb36875
2026-05-04T19:54:44.093-03:00 DEBUG 77797 --- [api-externa-backend] [restartedMain] org.hibernate.type.BasicTypeRegistry     : Adding type registration object -> org.hibernate.type.JavaObjectType@621b2256
2026-05-04T19:54:44.093-03:00 DEBUG 77797 --- [api-externa-backend] [restartedMain] org.hibernate.type.BasicTypeRegistry     : Adding type registration java.lang.Object -> org.hibernate.type.JavaObjectType@621b2256
2026-05-04T19:54:44.093-03:00 DEBUG 77797 --- [api-externa-backend] [restartedMain] org.hibernate.type.BasicTypeRegistry     : Adding type registration null -> org.hibernate.type.NullType@3cad8756
2026-05-04T19:54:44.093-03:00 DEBUG 77797 --- [api-externa-backend] [restartedMain] org.hibernate.type.BasicTypeRegistry     : Adding type registration imm_date -> org.hibernate.type.BasicTypeReference@2108c340
2026-05-04T19:54:44.093-03:00 DEBUG 77797 --- [api-externa-backend] [restartedMain] org.hibernate.type.BasicTypeRegistry     : Adding type registration imm_time -> org.hibernate.type.BasicTypeReference@3c91e64a
2026-05-04T19:54:44.093-03:00 DEBUG 77797 --- [api-externa-backend] [restartedMain] org.hibernate.type.BasicTypeRegistry     : Adding type registration imm_timestamp -> org.hibernate.type.BasicTypeReference@737aae06
2026-05-04T19:54:44.093-03:00 DEBUG 77797 --- [api-externa-backend] [restartedMain] org.hibernate.type.BasicTypeRegistry     : Adding type registration imm_calendar -> org.hibernate.type.BasicTypeReference@23bd1008
2026-05-04T19:54:44.093-03:00 DEBUG 77797 --- [api-externa-backend] [restartedMain] org.hibernate.type.BasicTypeRegistry     : Adding type registration imm_calendar_date -> org.hibernate.type.BasicTypeReference@4448d5fc
2026-05-04T19:54:44.093-03:00 DEBUG 77797 --- [api-externa-backend] [restartedMain] org.hibernate.type.BasicTypeRegistry     : Adding type registration imm_calendar_time -> org.hibernate.type.BasicTypeReference@77d8c889
2026-05-04T19:54:44.093-03:00 DEBUG 77797 --- [api-externa-backend] [restartedMain] org.hibernate.type.BasicTypeRegistry     : Adding type registration imm_binary -> org.hibernate.type.BasicTypeReference@51f452ea
2026-05-04T19:54:44.093-03:00 DEBUG 77797 --- [api-externa-backend] [restartedMain] org.hibernate.type.BasicTypeRegistry     : Adding type registration imm_serializable -> org.hibernate.type.BasicTypeReference@1a82358c
2026-05-04T19:54:44.166-03:00  INFO 77797 --- [api-externa-backend] [restartedMain] o.s.o.j.p.SpringPersistenceUnitInfo      : No LoadTimeWeaver setup: ignoring JPA class transformer
2026-05-04T19:54:44.194-03:00  INFO 77797 --- [api-externa-backend] [restartedMain] org.hibernate.orm.connections.pooling    : HHH10001005: Database info:
	Database JDBC URL [Connecting through datasource 'HikariDataSource (HikariPool-1)']
	Database driver: undefined/unknown
	Database version: 2.3.232
	Autocommit mode: undefined/unknown
	Isolation level: undefined/unknown
	Minimum pool size: undefined/unknown
	Maximum pool size: undefined/unknown
2026-05-04T19:54:44.196-03:00 DEBUG 77797 --- [api-externa-backend] [restartedMain] o.h.t.d.jdbc.spi.JdbcTypeRegistry        : addDescriptor(NCharTypeDescriptor) replaced previous registration(CharTypeDescriptor)
2026-05-04T19:54:44.196-03:00 DEBUG 77797 --- [api-externa-backend] [restartedMain] o.h.t.d.jdbc.spi.JdbcTypeRegistry        : addDescriptor(NVarcharTypeDescriptor) replaced previous registration(VarcharTypeDescriptor)
2026-05-04T19:54:44.197-03:00 DEBUG 77797 --- [api-externa-backend] [restartedMain] o.h.t.d.jdbc.spi.JdbcTypeRegistry        : addDescriptor(LongNVarcharTypeDescriptor) replaced previous registration(LongVarcharTypeDescriptor)
2026-05-04T19:54:44.197-03:00 DEBUG 77797 --- [api-externa-backend] [restartedMain] o.h.t.d.jdbc.spi.JdbcTypeRegistry        : addDescriptor(NClobTypeDescriptor(DEFAULT)) replaced previous registration(ClobTypeDescriptor(DEFAULT))
2026-05-04T19:54:44.197-03:00 DEBUG 77797 --- [api-externa-backend] [restartedMain] o.h.t.d.jdbc.spi.JdbcTypeRegistry        : addDescriptor(TimestampUtcDescriptor) replaced previous registration(TimestampUtcDescriptor)
2026-05-04T19:54:44.199-03:00 DEBUG 77797 --- [api-externa-backend] [restartedMain] org.hibernate.type.BasicTypeRegistry     : Adding type registration org.hibernate.type.DurationType -> basicType@1(java.time.Duration,3015)
2026-05-04T19:54:44.199-03:00 DEBUG 77797 --- [api-externa-backend] [restartedMain] org.hibernate.type.BasicTypeRegistry     : Adding type registration Duration -> basicType@1(java.time.Duration,3015)
2026-05-04T19:54:44.199-03:00 DEBUG 77797 --- [api-externa-backend] [restartedMain] org.hibernate.type.BasicTypeRegistry     : Adding type registration java.time.Duration -> basicType@1(java.time.Duration,3015)
2026-05-04T19:54:44.200-03:00 DEBUG 77797 --- [api-externa-backend] [restartedMain] o.h.type.spi.TypeConfiguration$Scope     : Scoping TypeConfiguration [org.hibernate.type.spi.TypeConfiguration@6aaeb07a] to MetadataBuildingContext [org.hibernate.boot.internal.MetadataBuildingContextRootImpl@39f4c08]
2026-05-04T19:54:44.491-03:00  INFO 77797 --- [api-externa-backend] [restartedMain] o.h.e.t.j.p.i.JtaPlatformInitiator       : HHH000489: No JTA platform available (set 'hibernate.transaction.jta.platform' to enable JTA platform integration)
2026-05-04T19:54:44.491-03:00 DEBUG 77797 --- [api-externa-backend] [restartedMain] o.h.type.spi.TypeConfiguration$Scope     : Scoping TypeConfiguration [org.hibernate.type.spi.TypeConfiguration@6aaeb07a] to SessionFactoryImplementor [org.hibernate.internal.SessionFactoryImpl@13538272]
2026-05-04T19:54:44.495-03:00 DEBUG 77797 --- [api-externa-backend] [restartedMain] org.hibernate.SQL                        : 
    drop table if exists tb_acao cascade 
2026-05-04T19:54:44.497-03:00 DEBUG 77797 --- [api-externa-backend] [restartedMain] org.hibernate.SQL                        : 
    drop table if exists tb_corretora cascade 
2026-05-04T19:54:44.497-03:00 DEBUG 77797 --- [api-externa-backend] [restartedMain] org.hibernate.SQL                        : 
    drop sequence if exists seq_acao
2026-05-04T19:54:44.497-03:00 DEBUG 77797 --- [api-externa-backend] [restartedMain] org.hibernate.SQL                        : 
    drop sequence if exists seq_corretora
2026-05-04T19:54:44.498-03:00 DEBUG 77797 --- [api-externa-backend] [restartedMain] org.hibernate.SQL                        : 
    create sequence seq_acao start with 1 increment by 1
2026-05-04T19:54:44.499-03:00 DEBUG 77797 --- [api-externa-backend] [restartedMain] org.hibernate.SQL                        : 
    create sequence seq_corretora start with 1 increment by 1
2026-05-04T19:54:44.500-03:00 DEBUG 77797 --- [api-externa-backend] [restartedMain] org.hibernate.SQL                        : 
    create table tb_acao (
        cotacao_atual numeric(19,4),
        data_hora_cotacao timestamp(6),
        id bigint not null,
        mercado varchar(255) not null,
        moeda varchar(255) not null,
        nome_empresa varchar(255),
        ticker varchar(255) not null unique,
        primary key (id)
    )
2026-05-04T19:54:44.502-03:00 DEBUG 77797 --- [api-externa-backend] [restartedMain] org.hibernate.SQL                        : 
    create table tb_corretora (
        uf varchar(2),
        validada_na_cvm boolean not null,
        cep varchar(8),
        data_cadastro timestamp(6) not null,
        id bigint not null,
        numero varchar(10),
        cnpj varchar(14) not null unique,
        situacao_cadastral varchar(30),
        telefone varchar(30),
        bairro varchar(50),
        cidade varchar(50),
        complemento varchar(100),
        email varchar(100),
        logradouro varchar(100),
        nome_fantasia varchar(100),
        razao_social varchar(100) not null,
        primary key (id)
    )
2026-05-04T19:54:44.504-03:00 TRACE 77797 --- [api-externa-backend] [restartedMain] o.h.type.spi.TypeConfiguration$Scope     : Handling #sessionFactoryCreated from [org.hibernate.internal.SessionFactoryImpl@13538272] for TypeConfiguration
2026-05-04T19:54:44.504-03:00  INFO 77797 --- [api-externa-backend] [restartedMain] j.LocalContainerEntityManagerFactoryBean : Initialized JPA EntityManagerFactory for persistence unit 'default'
2026-05-04T19:54:44.532-03:00  WARN 77797 --- [api-externa-backend] [restartedMain] JpaBaseConfiguration$JpaWebConfiguration : spring.jpa.open-in-view is enabled by default. Therefore, database queries may be performed during view rendering. Explicitly configure spring.jpa.open-in-view to disable this warning
2026-05-04T19:54:44.546-03:00  INFO 77797 --- [api-externa-backend] [restartedMain] o.s.b.d.a.OptionalLiveReloadServer       : LiveReload server is running on port 35729
2026-05-04T19:54:44.772-03:00  INFO 77797 --- [api-externa-backend] [restartedMain] o.s.b.a.h2.H2ConsoleAutoConfiguration    : H2 console available at '/h2-console'. Database available at 'jdbc:h2:mem:cursodb'
2026-05-04T19:54:44.818-03:00  INFO 77797 --- [api-externa-backend] [restartedMain] o.s.b.w.embedded.tomcat.TomcatWebServer  : Tomcat started on port 8080 (http) with context path '/'
2026-05-04T19:54:44.824-03:00  INFO 77797 --- [api-externa-backend] [restartedMain] com.ApiExternaBackendApplication         : Started ApiExternaBackendApplication in 1.991 seconds (process running for 2.509)
2026-05-04T19:55:19.506-03:00  INFO 77797 --- [api-externa-backend] [http-nio-8080-exec-2] o.a.c.c.C.[Tomcat].[localhost].[/]       : Initializing Spring DispatcherServlet 'dispatcherServlet'
2026-05-04T19:55:19.506-03:00  INFO 77797 --- [api-externa-backend] [http-nio-8080-exec-2] o.s.web.servlet.DispatcherServlet        : Initializing Servlet 'dispatcherServlet'
2026-05-04T19:55:19.507-03:00  INFO 77797 --- [api-externa-backend] [http-nio-8080-exec-2] o.s.web.servlet.DispatcherServlet        : Completed initialization in 0 ms
2026-05-04T19:55:19.527-03:00  WARN 77797 --- [api-externa-backend] [http-nio-8080-exec-2] .w.s.m.s.DefaultHandlerExceptionResolver : Resolved [org.springframework.web.HttpMediaTypeNotSupportedException: Content-Type 'text/plain;charset=UTF-8' is not supported]
2026-05-04T19:55:41.786-03:00  WARN 77797 --- [api-externa-backend] [http-nio-8080-exec-3] .w.s.m.s.DefaultHandlerExceptionResolver : Resolved [org.springframework.web.HttpMediaTypeNotSupportedException: Content-Type 'text/plain;charset=UTF-8' is not supported]
2026-05-04T19:57:44.670-03:00 DEBUG 77797 --- [api-externa-backend] [http-nio-8080-exec-6] org.hibernate.SQL                        : 
    select
        c1_0.id,
        c1_0.bairro,
        c1_0.cep,
        c1_0.cidade,
        c1_0.cnpj,
        c1_0.complemento,
        c1_0.data_cadastro,
        c1_0.email,
        c1_0.logradouro,
        c1_0.nome_fantasia,
        c1_0.numero,
        c1_0.razao_social,
        c1_0.situacao_cadastral,
        c1_0.telefone,
        c1_0.uf,
        c1_0.validada_na_cvm 
    from
        tb_corretora c1_0
2026-05-04T19:59:17.183-03:00  WARN 77797 --- [api-externa-backend] [http-nio-8080-exec-9] .w.s.m.s.DefaultHandlerExceptionResolver : Resolved [org.springframework.web.HttpMediaTypeNotSupportedException: Content-Type 'text/plain;charset=UTF-8' is not supported]
2026-05-04T20:00:35.905-03:00  WARN 77797 --- [api-externa-backend] [http-nio-8080-exec-2] .w.s.m.s.DefaultHandlerExceptionResolver : Resolved [org.springframework.web.HttpMediaTypeNotSupportedException: Content-Type 'text/plain;charset=UTF-8' is not supported]
2026-05-04T20:00:44.901-03:00  WARN 77797 --- [api-externa-backend] [http-nio-8080-exec-3] .w.s.m.s.DefaultHandlerExceptionResolver : Resolved [org.springframework.web.HttpMediaTypeNotSupportedException: Content-Type 'text/plain;charset=UTF-8' is not supported]
2026-05-04T20:00:59.731-03:00 DEBUG 77797 --- [api-externa-backend] [http-nio-8080-exec-4] org.hibernate.SQL                        : 
    select
        c1_0.id 
    from
        tb_corretora c1_0 
    where
        c1_0.cnpj=? 
    fetch
        first ? rows only
2026-05-04T20:00:59.734-03:00 ERROR 77797 --- [api-externa-backend] [http-nio-8080-exec-4] o.a.c.c.C.[.[.[/].[dispatcherServlet]    : Servlet.service() for servlet [dispatcherServlet] in context with path [] threw exception [Request processing failed: java.lang.RuntimeException: CNPJ inválido: dígitos verificadores incorretos] with root cause

java.lang.RuntimeException: CNPJ inválido: dígitos verificadores incorretos
	at com.infra.facade.CnpjFacade.buscar(CnpjFacade.java:27) ~[classes/:na]
	at com.services.CorretoraService.cadastrar(CorretoraService.java:43) ~[classes/:na]
	at com.resources.CorretoraResource.cadastrar(CorretoraResource.java:26) ~[classes/:na]
	at java.base/jdk.internal.reflect.NativeMethodAccessorImpl.invoke0(Native Method) ~[na:na]
	at java.base/jdk.internal.reflect.NativeMethodAccessorImpl.invoke(NativeMethodAccessorImpl.java:77) ~[na:na]
	at java.base/jdk.internal.reflect.DelegatingMethodAccessorImpl.invoke(DelegatingMethodAccessorImpl.java:43) ~[na:na]
	at java.base/java.lang.reflect.Method.invoke(Method.java:569) ~[na:na]
	at org.springframework.web.method.support.InvocableHandlerMethod.doInvoke(InvocableHandlerMethod.java:258) ~[spring-web-6.2.6.jar:6.2.6]
	at org.springframework.web.method.support.InvocableHandlerMethod.invokeForRequest(InvocableHandlerMethod.java:191) ~[spring-web-6.2.6.jar:6.2.6]
	at org.springframework.web.servlet.mvc.method.annotation.ServletInvocableHandlerMethod.invokeAndHandle(ServletInvocableHandlerMethod.java:118) ~[spring-webmvc-6.2.6.jar:6.2.6]
	at org.springframework.web.servlet.mvc.method.annotation.RequestMappingHandlerAdapter.invokeHandlerMethod(RequestMappingHandlerAdapter.java:986) ~[spring-webmvc-6.2.6.jar:6.2.6]
	at org.springframework.web.servlet.mvc.method.annotation.RequestMappingHandlerAdapter.handleInternal(RequestMappingHandlerAdapter.java:891) ~[spring-webmvc-6.2.6.jar:6.2.6]
	at org.springframework.web.servlet.mvc.method.AbstractHandlerMethodAdapter.handle(AbstractHandlerMethodAdapter.java:87) ~[spring-webmvc-6.2.6.jar:6.2.6]
	at org.springframework.web.servlet.DispatcherServlet.doDispatch(DispatcherServlet.java:1089) ~[spring-webmvc-6.2.6.jar:6.2.6]
	at org.springframework.web.servlet.DispatcherServlet.doService(DispatcherServlet.java:979) ~[spring-webmvc-6.2.6.jar:6.2.6]
	at org.springframework.web.servlet.FrameworkServlet.processRequest(FrameworkServlet.java:1014) ~[spring-webmvc-6.2.6.jar:6.2.6]
	at org.springframework.web.servlet.FrameworkServlet.doPost(FrameworkServlet.java:914) ~[spring-webmvc-6.2.6.jar:6.2.6]
	at jakarta.servlet.http.HttpServlet.service(HttpServlet.java:590) ~[tomcat-embed-core-10.1.40.jar:6.0]
	at org.springframework.web.servlet.FrameworkServlet.service(FrameworkServlet.java:885) ~[spring-webmvc-6.2.6.jar:6.2.6]
	at jakarta.servlet.http.HttpServlet.service(HttpServlet.java:658) ~[tomcat-embed-core-10.1.40.jar:6.0]
	at org.apache.catalina.core.ApplicationFilterChain.internalDoFilter(ApplicationFilterChain.java:195) ~[tomcat-embed-core-10.1.40.jar:10.1.40]
	at org.apache.catalina.core.ApplicationFilterChain.doFilter(ApplicationFilterChain.java:140) ~[tomcat-embed-core-10.1.40.jar:10.1.40]
	at org.apache.tomcat.websocket.server.WsFilter.doFilter(WsFilter.java:51) ~[tomcat-embed-websocket-10.1.40.jar:10.1.40]
	at org.apache.catalina.core.ApplicationFilterChain.internalDoFilter(ApplicationFilterChain.java:164) ~[tomcat-embed-core-10.1.40.jar:10.1.40]
	at org.apache.catalina.core.ApplicationFilterChain.doFilter(ApplicationFilterChain.java:140) ~[tomcat-embed-core-10.1.40.jar:10.1.40]
	at org.springframework.web.filter.RequestContextFilter.doFilterInternal(RequestContextFilter.java:100) ~[spring-web-6.2.6.jar:6.2.6]
	at org.springframework.web.filter.OncePerRequestFilter.doFilter(OncePerRequestFilter.java:116) ~[spring-web-6.2.6.jar:6.2.6]
	at org.apache.catalina.core.ApplicationFilterChain.internalDoFilter(ApplicationFilterChain.java:164) ~[tomcat-embed-core-10.1.40.jar:10.1.40]
	at org.apache.catalina.core.ApplicationFilterChain.doFilter(ApplicationFilterChain.java:140) ~[tomcat-embed-core-10.1.40.jar:10.1.40]
	at org.springframework.web.filter.FormContentFilter.doFilterInternal(FormContentFilter.java:93) ~[spring-web-6.2.6.jar:6.2.6]
	at org.springframework.web.filter.OncePerRequestFilter.doFilter(OncePerRequestFilter.java:116) ~[spring-web-6.2.6.jar:6.2.6]
	at org.apache.catalina.core.ApplicationFilterChain.internalDoFilter(ApplicationFilterChain.java:164) ~[tomcat-embed-core-10.1.40.jar:10.1.40]
	at org.apache.catalina.core.ApplicationFilterChain.doFilter(ApplicationFilterChain.java:140) ~[tomcat-embed-core-10.1.40.jar:10.1.40]
	at org.springframework.web.filter.CharacterEncodingFilter.doFilterInternal(CharacterEncodingFilter.java:201) ~[spring-web-6.2.6.jar:6.2.6]
	at org.springframework.web.filter.OncePerRequestFilter.doFilter(OncePerRequestFilter.java:116) ~[spring-web-6.2.6.jar:6.2.6]
	at org.apache.catalina.core.ApplicationFilterChain.internalDoFilter(ApplicationFilterChain.java:164) ~[tomcat-embed-core-10.1.40.jar:10.1.40]
	at org.apache.catalina.core.ApplicationFilterChain.doFilter(ApplicationFilterChain.java:140) ~[tomcat-embed-core-10.1.40.jar:10.1.40]
	at org.apache.catalina.core.StandardWrapperValve.invoke(StandardWrapperValve.java:167) ~[tomcat-embed-core-10.1.40.jar:10.1.40]
	at org.apache.catalina.core.StandardContextValve.invoke(StandardContextValve.java:90) ~[tomcat-embed-core-10.1.40.jar:10.1.40]
	at org.apache.catalina.authenticator.AuthenticatorBase.invoke(AuthenticatorBase.java:483) ~[tomcat-embed-core-10.1.40.jar:10.1.40]
	at org.apache.catalina.core.StandardHostValve.invoke(StandardHostValve.java:116) ~[tomcat-embed-core-10.1.40.jar:10.1.40]
	at org.apache.catalina.valves.ErrorReportValve.invoke(ErrorReportValve.java:93) ~[tomcat-embed-core-10.1.40.jar:10.1.40]
	at org.apache.catalina.core.StandardEngineValve.invoke(StandardEngineValve.java:74) ~[tomcat-embed-core-10.1.40.jar:10.1.40]
	at org.apache.catalina.connector.CoyoteAdapter.service(CoyoteAdapter.java:344) ~[tomcat-embed-core-10.1.40.jar:10.1.40]
	at org.apache.coyote.http11.Http11Processor.service(Http11Processor.java:398) ~[tomcat-embed-core-10.1.40.jar:10.1.40]
	at org.apache.coyote.AbstractProcessorLight.process(AbstractProcessorLight.java:63) ~[tomcat-embed-core-10.1.40.jar:10.1.40]
	at org.apache.coyote.AbstractProtocol$ConnectionHandler.process(AbstractProtocol.java:903) ~[tomcat-embed-core-10.1.40.jar:10.1.40]
	at org.apache.tomcat.util.net.NioEndpoint$SocketProcessor.doRun(NioEndpoint.java:1740) ~[tomcat-embed-core-10.1.40.jar:10.1.40]
	at org.apache.tomcat.util.net.SocketProcessorBase.run(SocketProcessorBase.java:52) ~[tomcat-embed-core-10.1.40.jar:10.1.40]
	at org.apache.tomcat.util.threads.ThreadPoolExecutor.runWorker(ThreadPoolExecutor.java:1189) ~[tomcat-embed-core-10.1.40.jar:10.1.40]
	at org.apache.tomcat.util.threads.ThreadPoolExecutor$Worker.run(ThreadPoolExecutor.java:658) ~[tomcat-embed-core-10.1.40.jar:10.1.40]
	at org.apache.tomcat.util.threads.TaskThread$WrappingRunnable.run(TaskThread.java:63) ~[tomcat-embed-core-10.1.40.jar:10.1.40]
	at java.base/java.lang.Thread.run(Thread.java:840) ~[na:na]

2026-05-04T20:01:04.392-03:00 DEBUG 77797 --- [api-externa-backend] [http-nio-8080-exec-6] org.hibernate.SQL                        : 
    select
        c1_0.id 
    from
        tb_corretora c1_0 
    where
        c1_0.cnpj=? 
    fetch
        first ? rows only
2026-05-04T20:01:04.395-03:00 ERROR 77797 --- [api-externa-backend] [http-nio-8080-exec-6] o.a.c.c.C.[.[.[/].[dispatcherServlet]    : Servlet.service() for servlet [dispatcherServlet] in context with path [] threw exception [Request processing failed: java.lang.RuntimeException: CNPJ inválido: dígitos verificadores incorretos] with root cause

java.lang.RuntimeException: CNPJ inválido: dígitos verificadores incorretos
	at com.infra.facade.CnpjFacade.buscar(CnpjFacade.java:27) ~[classes/:na]
	at com.services.CorretoraService.cadastrar(CorretoraService.java:43) ~[classes/:na]
	at com.resources.CorretoraResource.cadastrar(CorretoraResource.java:26) ~[classes/:na]
	at java.base/jdk.internal.reflect.NativeMethodAccessorImpl.invoke0(Native Method) ~[na:na]
	at java.base/jdk.internal.reflect.NativeMethodAccessorImpl.invoke(NativeMethodAccessorImpl.java:77) ~[na:na]
	at java.base/jdk.internal.reflect.DelegatingMethodAccessorImpl.invoke(DelegatingMethodAccessorImpl.java:43) ~[na:na]
	at java.base/java.lang.reflect.Method.invoke(Method.java:569) ~[na:na]
	at org.springframework.web.method.support.InvocableHandlerMethod.doInvoke(InvocableHandlerMethod.java:258) ~[spring-web-6.2.6.jar:6.2.6]
	at org.springframework.web.method.support.InvocableHandlerMethod.invokeForRequest(InvocableHandlerMethod.java:191) ~[spring-web-6.2.6.jar:6.2.6]
	at org.springframework.web.servlet.mvc.method.annotation.ServletInvocableHandlerMethod.invokeAndHandle(ServletInvocableHandlerMethod.java:118) ~[spring-webmvc-6.2.6.jar:6.2.6]
	at org.springframework.web.servlet.mvc.method.annotation.RequestMappingHandlerAdapter.invokeHandlerMethod(RequestMappingHandlerAdapter.java:986) ~[spring-webmvc-6.2.6.jar:6.2.6]
	at org.springframework.web.servlet.mvc.method.annotation.RequestMappingHandlerAdapter.handleInternal(RequestMappingHandlerAdapter.java:891) ~[spring-webmvc-6.2.6.jar:6.2.6]
	at org.springframework.web.servlet.mvc.method.AbstractHandlerMethodAdapter.handle(AbstractHandlerMethodAdapter.java:87) ~[spring-webmvc-6.2.6.jar:6.2.6]
	at org.springframework.web.servlet.DispatcherServlet.doDispatch(DispatcherServlet.java:1089) ~[spring-webmvc-6.2.6.jar:6.2.6]
	at org.springframework.web.servlet.DispatcherServlet.doService(DispatcherServlet.java:979) ~[spring-webmvc-6.2.6.jar:6.2.6]
	at org.springframework.web.servlet.FrameworkServlet.processRequest(FrameworkServlet.java:1014) ~[spring-webmvc-6.2.6.jar:6.2.6]
	at org.springframework.web.servlet.FrameworkServlet.doPost(FrameworkServlet.java:914) ~[spring-webmvc-6.2.6.jar:6.2.6]
	at jakarta.servlet.http.HttpServlet.service(HttpServlet.java:590) ~[tomcat-embed-core-10.1.40.jar:6.0]
	at org.springframework.web.servlet.FrameworkServlet.service(FrameworkServlet.java:885) ~[spring-webmvc-6.2.6.jar:6.2.6]
	at jakarta.servlet.http.HttpServlet.service(HttpServlet.java:658) ~[tomcat-embed-core-10.1.40.jar:6.0]
	at org.apache.catalina.core.ApplicationFilterChain.internalDoFilter(ApplicationFilterChain.java:195) ~[tomcat-embed-core-10.1.40.jar:10.1.40]
	at org.apache.catalina.core.ApplicationFilterChain.doFilter(ApplicationFilterChain.java:140) ~[tomcat-embed-core-10.1.40.jar:10.1.40]
	at org.apache.tomcat.websocket.server.WsFilter.doFilter(WsFilter.java:51) ~[tomcat-embed-websocket-10.1.40.jar:10.1.40]
	at org.apache.catalina.core.ApplicationFilterChain.internalDoFilter(ApplicationFilterChain.java:164) ~[tomcat-embed-core-10.1.40.jar:10.1.40]
	at org.apache.catalina.core.ApplicationFilterChain.doFilter(ApplicationFilterChain.java:140) ~[tomcat-embed-core-10.1.40.jar:10.1.40]
	at org.springframework.web.filter.RequestContextFilter.doFilterInternal(RequestContextFilter.java:100) ~[spring-web-6.2.6.jar:6.2.6]
	at org.springframework.web.filter.OncePerRequestFilter.doFilter(OncePerRequestFilter.java:116) ~[spring-web-6.2.6.jar:6.2.6]
	at org.apache.catalina.core.ApplicationFilterChain.internalDoFilter(ApplicationFilterChain.java:164) ~[tomcat-embed-core-10.1.40.jar:10.1.40]
	at org.apache.catalina.core.ApplicationFilterChain.doFilter(ApplicationFilterChain.java:140) ~[tomcat-embed-core-10.1.40.jar:10.1.40]
	at org.springframework.web.filter.FormContentFilter.doFilterInternal(FormContentFilter.java:93) ~[spring-web-6.2.6.jar:6.2.6]
	at org.springframework.web.filter.OncePerRequestFilter.doFilter(OncePerRequestFilter.java:116) ~[spring-web-6.2.6.jar:6.2.6]
	at org.apache.catalina.core.ApplicationFilterChain.internalDoFilter(ApplicationFilterChain.java:164) ~[tomcat-embed-core-10.1.40.jar:10.1.40]
	at org.apache.catalina.core.ApplicationFilterChain.doFilter(ApplicationFilterChain.java:140) ~[tomcat-embed-core-10.1.40.jar:10.1.40]
	at org.springframework.web.filter.CharacterEncodingFilter.doFilterInternal(CharacterEncodingFilter.java:201) ~[spring-web-6.2.6.jar:6.2.6]
	at org.springframework.web.filter.OncePerRequestFilter.doFilter(OncePerRequestFilter.java:116) ~[spring-web-6.2.6.jar:6.2.6]
	at org.apache.catalina.core.ApplicationFilterChain.internalDoFilter(ApplicationFilterChain.java:164) ~[tomcat-embed-core-10.1.40.jar:10.1.40]
	at org.apache.catalina.core.ApplicationFilterChain.doFilter(ApplicationFilterChain.java:140) ~[tomcat-embed-core-10.1.40.jar:10.1.40]
	at org.apache.catalina.core.StandardWrapperValve.invoke(StandardWrapperValve.java:167) ~[tomcat-embed-core-10.1.40.jar:10.1.40]
	at org.apache.catalina.core.StandardContextValve.invoke(StandardContextValve.java:90) ~[tomcat-embed-core-10.1.40.jar:10.1.40]
	at org.apache.catalina.authenticator.AuthenticatorBase.invoke(AuthenticatorBase.java:483) ~[tomcat-embed-core-10.1.40.jar:10.1.40]
	at org.apache.catalina.core.StandardHostValve.invoke(StandardHostValve.java:116) ~[tomcat-embed-core-10.1.40.jar:10.1.40]
	at org.apache.catalina.valves.ErrorReportValve.invoke(ErrorReportValve.java:93) ~[tomcat-embed-core-10.1.40.jar:10.1.40]
	at org.apache.catalina.core.StandardEngineValve.invoke(StandardEngineValve.java:74) ~[tomcat-embed-core-10.1.40.jar:10.1.40]
	at org.apache.catalina.connector.CoyoteAdapter.service(CoyoteAdapter.java:344) ~[tomcat-embed-core-10.1.40.jar:10.1.40]
	at org.apache.coyote.http11.Http11Processor.service(Http11Processor.java:398) ~[tomcat-embed-core-10.1.40.jar:10.1.40]
	at org.apache.coyote.AbstractProcessorLight.process(AbstractProcessorLight.java:63) ~[tomcat-embed-core-10.1.40.jar:10.1.40]
	at org.apache.coyote.AbstractProtocol$ConnectionHandler.process(AbstractProtocol.java:903) ~[tomcat-embed-core-10.1.40.jar:10.1.40]
	at org.apache.tomcat.util.net.NioEndpoint$SocketProcessor.doRun(NioEndpoint.java:1740) ~[tomcat-embed-core-10.1.40.jar:10.1.40]
	at org.apache.tomcat.util.net.SocketProcessorBase.run(SocketProcessorBase.java:52) ~[tomcat-embed-core-10.1.40.jar:10.1.40]
	at org.apache.tomcat.util.threads.ThreadPoolExecutor.runWorker(ThreadPoolExecutor.java:1189) ~[tomcat-embed-core-10.1.40.jar:10.1.40]
	at org.apache.tomcat.util.threads.ThreadPoolExecutor$Worker.run(ThreadPoolExecutor.java:658) ~[tomcat-embed-core-10.1.40.jar:10.1.40]
	at org.apache.tomcat.util.threads.TaskThread$WrappingRunnable.run(TaskThread.java:63) ~[tomcat-embed-core-10.1.40.jar:10.1.40]
	at java.base/java.lang.Thread.run(Thread.java:840) ~[na:na]

2026-05-04T20:01:05.316-03:00 DEBUG 77797 --- [api-externa-backend] [http-nio-8080-exec-8] org.hibernate.SQL                        : 
    select
        c1_0.id 
    from
        tb_corretora c1_0 
    where
        c1_0.cnpj=? 
    fetch
        first ? rows only
2026-05-04T20:01:05.318-03:00 ERROR 77797 --- [api-externa-backend] [http-nio-8080-exec-8] o.a.c.c.C.[.[.[/].[dispatcherServlet]    : Servlet.service() for servlet [dispatcherServlet] in context with path [] threw exception [Request processing failed: java.lang.RuntimeException: CNPJ inválido: dígitos verificadores incorretos] with root cause

java.lang.RuntimeException: CNPJ inválido: dígitos verificadores incorretos
	at com.infra.facade.CnpjFacade.buscar(CnpjFacade.java:27) ~[classes/:na]
	at com.services.CorretoraService.cadastrar(CorretoraService.java:43) ~[classes/:na]
	at com.resources.CorretoraResource.cadastrar(CorretoraResource.java:26) ~[classes/:na]
	at java.base/jdk.internal.reflect.NativeMethodAccessorImpl.invoke0(Native Method) ~[na:na]
	at java.base/jdk.internal.reflect.NativeMethodAccessorImpl.invoke(NativeMethodAccessorImpl.java:77) ~[na:na]
	at java.base/jdk.internal.reflect.DelegatingMethodAccessorImpl.invoke(DelegatingMethodAccessorImpl.java:43) ~[na:na]
	at java.base/java.lang.reflect.Method.invoke(Method.java:569) ~[na:na]
	at org.springframework.web.method.support.InvocableHandlerMethod.doInvoke(InvocableHandlerMethod.java:258) ~[spring-web-6.2.6.jar:6.2.6]
	at org.springframework.web.method.support.InvocableHandlerMethod.invokeForRequest(InvocableHandlerMethod.java:191) ~[spring-web-6.2.6.jar:6.2.6]
	at org.springframework.web.servlet.mvc.method.annotation.ServletInvocableHandlerMethod.invokeAndHandle(ServletInvocableHandlerMethod.java:118) ~[spring-webmvc-6.2.6.jar:6.2.6]
	at org.springframework.web.servlet.mvc.method.annotation.RequestMappingHandlerAdapter.invokeHandlerMethod(RequestMappingHandlerAdapter.java:986) ~[spring-webmvc-6.2.6.jar:6.2.6]
	at org.springframework.web.servlet.mvc.method.annotation.RequestMappingHandlerAdapter.handleInternal(RequestMappingHandlerAdapter.java:891) ~[spring-webmvc-6.2.6.jar:6.2.6]
	at org.springframework.web.servlet.mvc.method.AbstractHandlerMethodAdapter.handle(AbstractHandlerMethodAdapter.java:87) ~[spring-webmvc-6.2.6.jar:6.2.6]
	at org.springframework.web.servlet.DispatcherServlet.doDispatch(DispatcherServlet.java:1089) ~[spring-webmvc-6.2.6.jar:6.2.6]
	at org.springframework.web.servlet.DispatcherServlet.doService(DispatcherServlet.java:979) ~[spring-webmvc-6.2.6.jar:6.2.6]
	at org.springframework.web.servlet.FrameworkServlet.processRequest(FrameworkServlet.java:1014) ~[spring-webmvc-6.2.6.jar:6.2.6]
	at org.springframework.web.servlet.FrameworkServlet.doPost(FrameworkServlet.java:914) ~[spring-webmvc-6.2.6.jar:6.2.6]
	at jakarta.servlet.http.HttpServlet.service(HttpServlet.java:590) ~[tomcat-embed-core-10.1.40.jar:6.0]
	at org.springframework.web.servlet.FrameworkServlet.service(FrameworkServlet.java:885) ~[spring-webmvc-6.2.6.jar:6.2.6]
	at jakarta.servlet.http.HttpServlet.service(HttpServlet.java:658) ~[tomcat-embed-core-10.1.40.jar:6.0]
	at org.apache.catalina.core.ApplicationFilterChain.internalDoFilter(ApplicationFilterChain.java:195) ~[tomcat-embed-core-10.1.40.jar:10.1.40]
	at org.apache.catalina.core.ApplicationFilterChain.doFilter(ApplicationFilterChain.java:140) ~[tomcat-embed-core-10.1.40.jar:10.1.40]
	at org.apache.tomcat.websocket.server.WsFilter.doFilter(WsFilter.java:51) ~[tomcat-embed-websocket-10.1.40.jar:10.1.40]
	at org.apache.catalina.core.ApplicationFilterChain.internalDoFilter(ApplicationFilterChain.java:164) ~[tomcat-embed-core-10.1.40.jar:10.1.40]
	at org.apache.catalina.core.ApplicationFilterChain.doFilter(ApplicationFilterChain.java:140) ~[tomcat-embed-core-10.1.40.jar:10.1.40]
	at org.springframework.web.filter.RequestContextFilter.doFilterInternal(RequestContextFilter.java:100) ~[spring-web-6.2.6.jar:6.2.6]
	at org.springframework.web.filter.OncePerRequestFilter.doFilter(OncePerRequestFilter.java:116) ~[spring-web-6.2.6.jar:6.2.6]
	at org.apache.catalina.core.ApplicationFilterChain.internalDoFilter(ApplicationFilterChain.java:164) ~[tomcat-embed-core-10.1.40.jar:10.1.40]
	at org.apache.catalina.core.ApplicationFilterChain.doFilter(ApplicationFilterChain.java:140) ~[tomcat-embed-core-10.1.40.jar:10.1.40]
	at org.springframework.web.filter.FormContentFilter.doFilterInternal(FormContentFilter.java:93) ~[spring-web-6.2.6.jar:6.2.6]
	at org.springframework.web.filter.OncePerRequestFilter.doFilter(OncePerRequestFilter.java:116) ~[spring-web-6.2.6.jar:6.2.6]
	at org.apache.catalina.core.ApplicationFilterChain.internalDoFilter(ApplicationFilterChain.java:164) ~[tomcat-embed-core-10.1.40.jar:10.1.40]
	at org.apache.catalina.core.ApplicationFilterChain.doFilter(ApplicationFilterChain.java:140) ~[tomcat-embed-core-10.1.40.jar:10.1.40]
	at org.springframework.web.filter.CharacterEncodingFilter.doFilterInternal(CharacterEncodingFilter.java:201) ~[spring-web-6.2.6.jar:6.2.6]
	at org.springframework.web.filter.OncePerRequestFilter.doFilter(OncePerRequestFilter.java:116) ~[spring-web-6.2.6.jar:6.2.6]
	at org.apache.catalina.core.ApplicationFilterChain.internalDoFilter(ApplicationFilterChain.java:164) ~[tomcat-embed-core-10.1.40.jar:10.1.40]
	at org.apache.catalina.core.ApplicationFilterChain.doFilter(ApplicationFilterChain.java:140) ~[tomcat-embed-core-10.1.40.jar:10.1.40]
	at org.apache.catalina.core.StandardWrapperValve.invoke(StandardWrapperValve.java:167) ~[tomcat-embed-core-10.1.40.jar:10.1.40]
	at org.apache.catalina.core.StandardContextValve.invoke(StandardContextValve.java:90) ~[tomcat-embed-core-10.1.40.jar:10.1.40]
	at org.apache.catalina.authenticator.AuthenticatorBase.invoke(AuthenticatorBase.java:483) ~[tomcat-embed-core-10.1.40.jar:10.1.40]
	at org.apache.catalina.core.StandardHostValve.invoke(StandardHostValve.java:116) ~[tomcat-embed-core-10.1.40.jar:10.1.40]
	at org.apache.catalina.valves.ErrorReportValve.invoke(ErrorReportValve.java:93) ~[tomcat-embed-core-10.1.40.jar:10.1.40]
	at org.apache.catalina.core.StandardEngineValve.invoke(StandardEngineValve.java:74) ~[tomcat-embed-core-10.1.40.jar:10.1.40]
	at org.apache.catalina.connector.CoyoteAdapter.service(CoyoteAdapter.java:344) ~[tomcat-embed-core-10.1.40.jar:10.1.40]
	at org.apache.coyote.http11.Http11Processor.service(Http11Processor.java:398) ~[tomcat-embed-core-10.1.40.jar:10.1.40]
	at org.apache.coyote.AbstractProcessorLight.process(AbstractProcessorLight.java:63) ~[tomcat-embed-core-10.1.40.jar:10.1.40]
	at org.apache.coyote.AbstractProtocol$ConnectionHandler.process(AbstractProtocol.java:903) ~[tomcat-embed-core-10.1.40.jar:10.1.40]
	at org.apache.tomcat.util.net.NioEndpoint$SocketProcessor.doRun(NioEndpoint.java:1740) ~[tomcat-embed-core-10.1.40.jar:10.1.40]
	at org.apache.tomcat.util.net.SocketProcessorBase.run(SocketProcessorBase.java:52) ~[tomcat-embed-core-10.1.40.jar:10.1.40]
	at org.apache.tomcat.util.threads.ThreadPoolExecutor.runWorker(ThreadPoolExecutor.java:1189) ~[tomcat-embed-core-10.1.40.jar:10.1.40]
	at org.apache.tomcat.util.threads.ThreadPoolExecutor$Worker.run(ThreadPoolExecutor.java:658) ~[tomcat-embed-core-10.1.40.jar:10.1.40]
	at org.apache.tomcat.util.threads.TaskThread$WrappingRunnable.run(TaskThread.java:63) ~[tomcat-embed-core-10.1.40.jar:10.1.40]
	at java.base/java.lang.Thread.run(Thread.java:840) ~[na:na]

2026-05-04T20:01:37.311-03:00 DEBUG 77797 --- [api-externa-backend] [http-nio-8080-exec-10] org.hibernate.SQL                        : 
    select
        c1_0.id 
    from
        tb_corretora c1_0 
    where
        c1_0.cnpj=? 
    fetch
        first ? rows only
2026-05-04T20:01:45.843-03:00 DEBUG 77797 --- [api-externa-backend] [http-nio-8080-exec-10] org.hibernate.SQL                        : 
    select
        next value for seq_corretora
2026-05-04T20:01:45.871-03:00 DEBUG 77797 --- [api-externa-backend] [http-nio-8080-exec-10] org.hibernate.SQL                        : 
    insert 
    into
        tb_corretora
        (bairro, cep, cidade, cnpj, complemento, data_cadastro, email, logradouro, nome_fantasia, numero, razao_social, situacao_cadastral, telefone, uf, validada_na_cvm, id) 
    values
        (?, ?, ?, ?, ?, ?, ?, ?, ?, ?, ?, ?, ?, ?, ?, ?)
2026-05-04T20:03:17.449-03:00 DEBUG 77797 --- [api-externa-backend] [http-nio-8080-exec-3] org.hibernate.SQL                        : 
    select
        c1_0.id 
    from
        tb_corretora c1_0 
    where
        c1_0.cnpj=? 
    fetch
        first ? rows only
2026-05-04T20:03:18.916-03:00 DEBUG 77797 --- [api-externa-backend] [http-nio-8080-exec-3] org.hibernate.SQL                        : 
    select
        next value for seq_corretora
2026-05-04T20:03:18.919-03:00 DEBUG 77797 --- [api-externa-backend] [http-nio-8080-exec-3] org.hibernate.SQL                        : 
    insert 
    into
        tb_corretora
        (bairro, cep, cidade, cnpj, complemento, data_cadastro, email, logradouro, nome_fantasia, numero, razao_social, situacao_cadastral, telefone, uf, validada_na_cvm, id) 
    values
        (?, ?, ?, ?, ?, ?, ?, ?, ?, ?, ?, ?, ?, ?, ?, ?)
2026-05-04T20:03:43.732-03:00 DEBUG 77797 --- [api-externa-backend] [http-nio-8080-exec-4] org.hibernate.SQL                        : 
    select
        c1_0.id,
        c1_0.bairro,
        c1_0.cep,
        c1_0.cidade,
        c1_0.cnpj,
        c1_0.complemento,
        c1_0.data_cadastro,
        c1_0.email,
        c1_0.logradouro,
        c1_0.nome_fantasia,
        c1_0.numero,
        c1_0.razao_social,
        c1_0.situacao_cadastral,
        c1_0.telefone,
        c1_0.uf,
        c1_0.validada_na_cvm 
    from
        tb_corretora c1_0
2026-05-04T20:03:54.619-03:00 DEBUG 77797 --- [api-externa-backend] [http-nio-8080-exec-5] org.hibernate.SQL                        : 
    select
        c1_0.id,
        c1_0.bairro,
        c1_0.cep,
        c1_0.cidade,
        c1_0.cnpj,
        c1_0.complemento,
        c1_0.data_cadastro,
        c1_0.email,
        c1_0.logradouro,
        c1_0.nome_fantasia,
        c1_0.numero,
        c1_0.razao_social,
        c1_0.situacao_cadastral,
        c1_0.telefone,
        c1_0.uf,
        c1_0.validada_na_cvm 
    from
        tb_corretora c1_0 
    where
        c1_0.id=?
2026-05-04T20:04:00.270-03:00 DEBUG 77797 --- [api-externa-backend] [http-nio-8080-exec-6] org.hibernate.SQL                        : 
    select
        c1_0.id,
        c1_0.bairro,
        c1_0.cep,
        c1_0.cidade,
        c1_0.cnpj,
        c1_0.complemento,
        c1_0.data_cadastro,
        c1_0.email,
        c1_0.logradouro,
        c1_0.nome_fantasia,
        c1_0.numero,
        c1_0.razao_social,
        c1_0.situacao_cadastral,
        c1_0.telefone,
        c1_0.uf,
        c1_0.validada_na_cvm 
    from
        tb_corretora c1_0 
    where
        c1_0.id=?
2026-05-04T20:04:07.682-03:00  WARN 77797 --- [api-externa-backend] [http-nio-8080-exec-7] .w.s.m.s.DefaultHandlerExceptionResolver : Resolved [org.springframework.web.method.annotation.MethodArgumentTypeMismatchException: Method parameter 'id': Failed to convert value of type 'java.lang.String' to required type 'java.lang.Long'; For input string: "*"]
2026-05-04T20:04:49.101-03:00 DEBUG 77797 --- [api-externa-backend] [http-nio-8080-exec-10] org.hibernate.SQL                        : 
    select
        c1_0.id,
        c1_0.bairro,
        c1_0.cep,
        c1_0.cidade,
        c1_0.cnpj,
        c1_0.complemento,
        c1_0.data_cadastro,
        c1_0.email,
        c1_0.logradouro,
        c1_0.nome_fantasia,
        c1_0.numero,
        c1_0.razao_social,
        c1_0.situacao_cadastral,
        c1_0.telefone,
        c1_0.uf,
        c1_0.validada_na_cvm 
    from
        tb_corretora c1_0 
    where
        c1_0.cnpj=?
2026-05-04T20:05:17.992-03:00  WARN 77797 --- [api-externa-backend] [http-nio-8080-exec-1] .w.s.m.s.DefaultHandlerExceptionResolver : Resolved [org.springframework.http.converter.HttpMessageNotReadableException: Required request body is missing: public org.springframework.http.ResponseEntity<com.domains.dtos.AcaoResponseDTO> com.resources.AcaoResource.cadastrar(com.domains.dtos.AcaoRequestDTO)]
2026-05-04T20:06:41.562-03:00 DEBUG 77797 --- [api-externa-backend] [http-nio-8080-exec-3] org.hibernate.SQL                        : 
    select
        c1_0.id 
    from
        tb_corretora c1_0 
    where
        c1_0.cnpj=? 
    fetch
        first ? rows only
2026-05-04T20:06:42.960-03:00 DEBUG 77797 --- [api-externa-backend] [http-nio-8080-exec-3] org.hibernate.SQL                        : 
    select
        next value for seq_corretora
2026-05-04T20:06:42.963-03:00 DEBUG 77797 --- [api-externa-backend] [http-nio-8080-exec-3] org.hibernate.SQL                        : 
    insert 
    into
        tb_corretora
        (bairro, cep, cidade, cnpj, complemento, data_cadastro, email, logradouro, nome_fantasia, numero, razao_social, situacao_cadastral, telefone, uf, validada_na_cvm, id) 
    values
        (?, ?, ?, ?, ?, ?, ?, ?, ?, ?, ?, ?, ?, ?, ?, ?)
2026-05-04T20:09:58.794-03:00  WARN 77797 --- [api-externa-backend] [http-nio-8080-exec-6] .w.s.m.s.DefaultHandlerExceptionResolver : Resolved [org.springframework.http.converter.HttpMessageNotReadableException: Required request body is missing: public org.springframework.http.ResponseEntity<com.domains.dtos.AcaoResponseDTO> com.resources.AcaoResource.cadastrar(com.domains.dtos.AcaoRequestDTO)]
2026-05-04T20:10:41.555-03:00 DEBUG 77797 --- [api-externa-backend] [http-nio-8080-exec-8] org.hibernate.SQL                        : 
    select
        a1_0.id 
    from
        tb_acao a1_0 
    where
        a1_0.ticker=? 
    fetch
        first ? rows only
2026-05-04T20:10:41.987-03:00 DEBUG 77797 --- [api-externa-backend] [http-nio-8080-exec-8] org.hibernate.SQL                        : 
    select
        next value for seq_acao
2026-05-04T20:10:41.989-03:00 DEBUG 77797 --- [api-externa-backend] [http-nio-8080-exec-8] org.hibernate.SQL                        : 
    insert 
    into
        tb_acao
        (cotacao_atual, data_hora_cotacao, mercado, moeda, nome_empresa, ticker, id) 
    values
        (?, ?, ?, ?, ?, ?, ?)
2026-05-04T20:11:24.742-03:00 DEBUG 77797 --- [api-externa-backend] [http-nio-8080-exec-9] org.hibernate.SQL                        : 
    select
        a1_0.id 
    from
        tb_acao a1_0 
    where
        a1_0.ticker=? 
    fetch
        first ? rows only
2026-05-04T20:11:25.226-03:00 DEBUG 77797 --- [api-externa-backend] [http-nio-8080-exec-9] org.hibernate.SQL                        : 
    select
        next value for seq_acao
2026-05-04T20:11:25.228-03:00 DEBUG 77797 --- [api-externa-backend] [http-nio-8080-exec-9] org.hibernate.SQL                        : 
    insert 
    into
        tb_acao
        (cotacao_atual, data_hora_cotacao, mercado, moeda, nome_empresa, ticker, id) 
    values
        (?, ?, ?, ?, ?, ?, ?)
2026-05-04T20:12:25.703-03:00  INFO 77797 --- [api-externa-backend] [SpringApplicationShutdownHook] o.s.b.w.e.tomcat.GracefulShutdown        : Commencing graceful shutdown. Waiting for active requests to complete
2026-05-04T20:12:25.706-03:00  INFO 77797 --- [api-externa-backend] [tomcat-shutdown] o.s.b.w.e.tomcat.GracefulShutdown        : Graceful shutdown complete
2026-05-04T20:12:25.710-03:00  INFO 77797 --- [api-externa-backend] [SpringApplicationShutdownHook] j.LocalContainerEntityManagerFactoryBean : Closing JPA EntityManagerFactory for persistence unit 'default'
2026-05-04T20:12:25.711-03:00 DEBUG 77797 --- [api-externa-backend] [SpringApplicationShutdownHook] org.hibernate.SQL                        : 
    drop table if exists tb_acao cascade 
2026-05-04T20:12:25.712-03:00 DEBUG 77797 --- [api-externa-backend] [SpringApplicationShutdownHook] org.hibernate.SQL                        : 
    drop table if exists tb_corretora cascade 
2026-05-04T20:12:25.712-03:00 DEBUG 77797 --- [api-externa-backend] [SpringApplicationShutdownHook] org.hibernate.SQL                        : 
    drop sequence if exists seq_acao
2026-05-04T20:12:25.713-03:00 DEBUG 77797 --- [api-externa-backend] [SpringApplicationShutdownHook] org.hibernate.SQL                        : 
    drop sequence if exists seq_corretora
2026-05-04T20:12:25.713-03:00 TRACE 77797 --- [api-externa-backend] [SpringApplicationShutdownHook] o.h.type.spi.TypeConfiguration$Scope     : Handling #sessionFactoryClosed from [org.hibernate.internal.SessionFactoryImpl@13538272] for TypeConfiguration
2026-05-04T20:12:25.713-03:00 DEBUG 77797 --- [api-externa-backend] [SpringApplicationShutdownHook] o.h.type.spi.TypeConfiguration$Scope     : Un-scoping TypeConfiguration [org.hibernate.type.spi.TypeConfiguration$Scope@eca09c0] from SessionFactory [org.hibernate.internal.SessionFactoryImpl@13538272]
2026-05-04T20:12:25.721-03:00  WARN 77797 --- [api-externa-backend] [SpringApplicationShutdownHook] o.s.b.f.support.DisposableBeanAdapter    : Invocation of destroy method failed on bean with name 'inMemoryDatabaseShutdownExecutor': org.h2.jdbc.JdbcSQLNonTransientConnectionException: Database is already closed (to disable automatic closing at VM shutdown, add ";DB_CLOSE_ON_EXIT=FALSE" to the db URL) [90121-232]
2026-05-04T20:12:25.721-03:00  INFO 77797 --- [api-externa-backend] [SpringApplicationShutdownHook] com.zaxxer.hikari.HikariDataSource       : HikariPool-1 - Shutdown initiated...
2026-05-04T20:12:25.722-03:00  INFO 77797 --- [api-externa-backend] [SpringApplicationShutdownHook] com.zaxxer.hikari.HikariDataSource       : HikariPool-1 - Shutdown completed.
2026-05-04T20:12:28.201-03:00  INFO 78226 --- [api-externa-backend] [restartedMain] com.ApiExternaBackendApplication         : Starting ApiExternaBackendApplication using Java 17.0.16 with PID 78226 (/Users/lucas/Documents/Programacao/Spring/api-externa-backend/target/classes started by lucas in /Users/lucas/Documents/Programacao/Spring/api-externa-backend)
2026-05-04T20:12:28.203-03:00  INFO 78226 --- [api-externa-backend] [restartedMain] com.ApiExternaBackendApplication         : The following 1 profile is active: "test"
2026-05-04T20:12:28.223-03:00  INFO 78226 --- [api-externa-backend] [restartedMain] .e.DevToolsPropertyDefaultsPostProcessor : Devtools property defaults active! Set 'spring.devtools.add-properties' to 'false' to disable
2026-05-04T20:12:28.223-03:00  INFO 78226 --- [api-externa-backend] [restartedMain] .e.DevToolsPropertyDefaultsPostProcessor : For additional web related logging consider setting the 'logging.level.web' property to 'DEBUG'
2026-05-04T20:12:28.525-03:00  INFO 78226 --- [api-externa-backend] [restartedMain] .s.d.r.c.RepositoryConfigurationDelegate : Bootstrapping Spring Data JPA repositories in DEFAULT mode.
2026-05-04T20:12:28.555-03:00  INFO 78226 --- [api-externa-backend] [restartedMain] .s.d.r.c.RepositoryConfigurationDelegate : Finished Spring Data repository scanning in 27 ms. Found 2 JPA repository interfaces.
2026-05-04T20:12:28.611-03:00  INFO 78226 --- [api-externa-backend] [restartedMain] o.s.cloud.context.scope.GenericScope     : BeanFactory id=94ec2bbb-6b48-336a-a5b1-3dab0d29d059
2026-05-04T20:12:28.750-03:00  INFO 78226 --- [api-externa-backend] [restartedMain] o.s.b.w.embedded.tomcat.TomcatWebServer  : Tomcat initialized with port 8080 (http)
2026-05-04T20:12:28.755-03:00  INFO 78226 --- [api-externa-backend] [restartedMain] o.apache.catalina.core.StandardService   : Starting service [Tomcat]
2026-05-04T20:12:28.756-03:00  INFO 78226 --- [api-externa-backend] [restartedMain] o.apache.catalina.core.StandardEngine    : Starting Servlet engine: [Apache Tomcat/10.1.40]
2026-05-04T20:12:28.772-03:00  INFO 78226 --- [api-externa-backend] [restartedMain] o.a.c.c.C.[Tomcat].[localhost].[/]       : Initializing Spring embedded WebApplicationContext
2026-05-04T20:12:28.772-03:00  INFO 78226 --- [api-externa-backend] [restartedMain] w.s.c.ServletWebServerApplicationContext : Root WebApplicationContext: initialization completed in 549 ms
2026-05-04T20:12:28.823-03:00  INFO 78226 --- [api-externa-backend] [restartedMain] com.zaxxer.hikari.HikariDataSource       : HikariPool-1 - Starting...
2026-05-04T20:12:28.893-03:00  INFO 78226 --- [api-externa-backend] [restartedMain] com.zaxxer.hikari.pool.HikariPool        : HikariPool-1 - Added connection conn0: url=jdbc:h2:mem:cursodb user=SA
2026-05-04T20:12:28.894-03:00  INFO 78226 --- [api-externa-backend] [restartedMain] com.zaxxer.hikari.HikariDataSource       : HikariPool-1 - Start completed.
2026-05-04T20:12:28.908-03:00  INFO 78226 --- [api-externa-backend] [restartedMain] o.hibernate.jpa.internal.util.LogHelper  : HHH000204: Processing PersistenceUnitInfo [name: default]
2026-05-04T20:12:28.929-03:00  INFO 78226 --- [api-externa-backend] [restartedMain] org.hibernate.Version                    : HHH000412: Hibernate ORM core version 6.6.13.Final
2026-05-04T20:12:28.941-03:00  INFO 78226 --- [api-externa-backend] [restartedMain] o.h.c.internal.RegionFactoryInitiator    : HHH000026: Second-level cache disabled
2026-05-04T20:12:28.965-03:00 DEBUG 78226 --- [api-externa-backend] [restartedMain] org.hibernate.type.BasicTypeRegistry     : Adding type registration boolean -> org.hibernate.type.BasicTypeReference@52add362
2026-05-04T20:12:28.965-03:00 DEBUG 78226 --- [api-externa-backend] [restartedMain] org.hibernate.type.BasicTypeRegistry     : Adding type registration boolean -> org.hibernate.type.BasicTypeReference@52add362
2026-05-04T20:12:28.965-03:00 DEBUG 78226 --- [api-externa-backend] [restartedMain] org.hibernate.type.BasicTypeRegistry     : Adding type registration java.lang.Boolean -> org.hibernate.type.BasicTypeReference@52add362
2026-05-04T20:12:28.965-03:00 DEBUG 78226 --- [api-externa-backend] [restartedMain] org.hibernate.type.BasicTypeRegistry     : Adding type registration numeric_boolean -> org.hibernate.type.BasicTypeReference@edbb4c2
2026-05-04T20:12:28.965-03:00 DEBUG 78226 --- [api-externa-backend] [restartedMain] org.hibernate.type.BasicTypeRegistry     : Adding type registration org.hibernate.type.NumericBooleanConverter -> org.hibernate.type.BasicTypeReference@edbb4c2
2026-05-04T20:12:28.965-03:00 DEBUG 78226 --- [api-externa-backend] [restartedMain] org.hibernate.type.BasicTypeRegistry     : Adding type registration true_false -> org.hibernate.type.BasicTypeReference@3d3c1a1e
2026-05-04T20:12:28.965-03:00 DEBUG 78226 --- [api-externa-backend] [restartedMain] org.hibernate.type.BasicTypeRegistry     : Adding type registration org.hibernate.type.TrueFalseConverter -> org.hibernate.type.BasicTypeReference@3d3c1a1e
2026-05-04T20:12:28.965-03:00 DEBUG 78226 --- [api-externa-backend] [restartedMain] org.hibernate.type.BasicTypeRegistry     : Adding type registration yes_no -> org.hibernate.type.BasicTypeReference@7c69ac44
2026-05-04T20:12:28.965-03:00 DEBUG 78226 --- [api-externa-backend] [restartedMain] org.hibernate.type.BasicTypeRegistry     : Adding type registration org.hibernate.type.YesNoConverter -> org.hibernate.type.BasicTypeReference@7c69ac44
2026-05-04T20:12:28.965-03:00 DEBUG 78226 --- [api-externa-backend] [restartedMain] org.hibernate.type.BasicTypeRegistry     : Adding type registration byte -> org.hibernate.type.BasicTypeReference@40e34668
2026-05-04T20:12:28.965-03:00 DEBUG 78226 --- [api-externa-backend] [restartedMain] org.hibernate.type.BasicTypeRegistry     : Adding type registration byte -> org.hibernate.type.BasicTypeReference@40e34668
2026-05-04T20:12:28.965-03:00 DEBUG 78226 --- [api-externa-backend] [restartedMain] org.hibernate.type.BasicTypeRegistry     : Adding type registration java.lang.Byte -> org.hibernate.type.BasicTypeReference@40e34668
2026-05-04T20:12:28.965-03:00 DEBUG 78226 --- [api-externa-backend] [restartedMain] org.hibernate.type.BasicTypeRegistry     : Adding type registration binary -> org.hibernate.type.BasicTypeReference@13cd9712
2026-05-04T20:12:28.966-03:00 DEBUG 78226 --- [api-externa-backend] [restartedMain] org.hibernate.type.BasicTypeRegistry     : Adding type registration byte[] -> org.hibernate.type.BasicTypeReference@13cd9712
2026-05-04T20:12:28.966-03:00 DEBUG 78226 --- [api-externa-backend] [restartedMain] org.hibernate.type.BasicTypeRegistry     : Adding type registration [B -> org.hibernate.type.BasicTypeReference@13cd9712
2026-05-04T20:12:28.966-03:00 DEBUG 78226 --- [api-externa-backend] [restartedMain] org.hibernate.type.BasicTypeRegistry     : Adding type registration binary_wrapper -> org.hibernate.type.BasicTypeReference@254cd40e
2026-05-04T20:12:28.966-03:00 DEBUG 78226 --- [api-externa-backend] [restartedMain] org.hibernate.type.BasicTypeRegistry     : Adding type registration wrapper-binary -> org.hibernate.type.BasicTypeReference@254cd40e
2026-05-04T20:12:28.966-03:00 DEBUG 78226 --- [api-externa-backend] [restartedMain] org.hibernate.type.BasicTypeRegistry     : Adding type registration image -> org.hibernate.type.BasicTypeReference@5a46b2b2
2026-05-04T20:12:28.966-03:00 DEBUG 78226 --- [api-externa-backend] [restartedMain] org.hibernate.type.BasicTypeRegistry     : Adding type registration blob -> org.hibernate.type.BasicTypeReference@700c220e
2026-05-04T20:12:28.966-03:00 DEBUG 78226 --- [api-externa-backend] [restartedMain] org.hibernate.type.BasicTypeRegistry     : Adding type registration java.sql.Blob -> org.hibernate.type.BasicTypeReference@700c220e
2026-05-04T20:12:28.966-03:00 DEBUG 78226 --- [api-externa-backend] [restartedMain] org.hibernate.type.BasicTypeRegistry     : Adding type registration materialized_blob -> org.hibernate.type.BasicTypeReference@3fe9db4a
2026-05-04T20:12:28.966-03:00 DEBUG 78226 --- [api-externa-backend] [restartedMain] org.hibernate.type.BasicTypeRegistry     : Adding type registration materialized_blob_wrapper -> org.hibernate.type.BasicTypeReference@7cc6841d
2026-05-04T20:12:28.966-03:00 DEBUG 78226 --- [api-externa-backend] [restartedMain] org.hibernate.type.BasicTypeRegistry     : Adding type registration short -> org.hibernate.type.BasicTypeReference@13fa7a15
2026-05-04T20:12:28.966-03:00 DEBUG 78226 --- [api-externa-backend] [restartedMain] org.hibernate.type.BasicTypeRegistry     : Adding type registration short -> org.hibernate.type.BasicTypeReference@13fa7a15
2026-05-04T20:12:28.966-03:00 DEBUG 78226 --- [api-externa-backend] [restartedMain] org.hibernate.type.BasicTypeRegistry     : Adding type registration java.lang.Short -> org.hibernate.type.BasicTypeReference@13fa7a15
2026-05-04T20:12:28.966-03:00 DEBUG 78226 --- [api-externa-backend] [restartedMain] org.hibernate.type.BasicTypeRegistry     : Adding type registration integer -> org.hibernate.type.BasicTypeReference@2f72636
2026-05-04T20:12:28.966-03:00 DEBUG 78226 --- [api-externa-backend] [restartedMain] org.hibernate.type.BasicTypeRegistry     : Adding type registration int -> org.hibernate.type.BasicTypeReference@2f72636
2026-05-04T20:12:28.966-03:00 DEBUG 78226 --- [api-externa-backend] [restartedMain] org.hibernate.type.BasicTypeRegistry     : Adding type registration java.lang.Integer -> org.hibernate.type.BasicTypeReference@2f72636
2026-05-04T20:12:28.966-03:00 DEBUG 78226 --- [api-externa-backend] [restartedMain] org.hibernate.type.BasicTypeRegistry     : Adding type registration long -> org.hibernate.type.BasicTypeReference@73358ea9
2026-05-04T20:12:28.966-03:00 DEBUG 78226 --- [api-externa-backend] [restartedMain] org.hibernate.type.BasicTypeRegistry     : Adding type registration long -> org.hibernate.type.BasicTypeReference@73358ea9
2026-05-04T20:12:28.966-03:00 DEBUG 78226 --- [api-externa-backend] [restartedMain] org.hibernate.type.BasicTypeRegistry     : Adding type registration java.lang.Long -> org.hibernate.type.BasicTypeReference@73358ea9
2026-05-04T20:12:28.966-03:00 DEBUG 78226 --- [api-externa-backend] [restartedMain] org.hibernate.type.BasicTypeRegistry     : Adding type registration float -> org.hibernate.type.BasicTypeReference@3b9b0abe
2026-05-04T20:12:28.966-03:00 DEBUG 78226 --- [api-externa-backend] [restartedMain] org.hibernate.type.BasicTypeRegistry     : Adding type registration float -> org.hibernate.type.BasicTypeReference@3b9b0abe
2026-05-04T20:12:28.966-03:00 DEBUG 78226 --- [api-externa-backend] [restartedMain] org.hibernate.type.BasicTypeRegistry     : Adding type registration java.lang.Float -> org.hibernate.type.BasicTypeReference@3b9b0abe
2026-05-04T20:12:28.966-03:00 DEBUG 78226 --- [api-externa-backend] [restartedMain] org.hibernate.type.BasicTypeRegistry     : Adding type registration double -> org.hibernate.type.BasicTypeReference@7bf1f50a
2026-05-04T20:12:28.966-03:00 DEBUG 78226 --- [api-externa-backend] [restartedMain] org.hibernate.type.BasicTypeRegistry     : Adding type registration double -> org.hibernate.type.BasicTypeReference@7bf1f50a
2026-05-04T20:12:28.966-03:00 DEBUG 78226 --- [api-externa-backend] [restartedMain] org.hibernate.type.BasicTypeRegistry     : Adding type registration java.lang.Double -> org.hibernate.type.BasicTypeReference@7bf1f50a
2026-05-04T20:12:28.966-03:00 DEBUG 78226 --- [api-externa-backend] [restartedMain] org.hibernate.type.BasicTypeRegistry     : Adding type registration big_integer -> org.hibernate.type.BasicTypeReference@400caad4
2026-05-04T20:12:28.966-03:00 DEBUG 78226 --- [api-externa-backend] [restartedMain] org.hibernate.type.BasicTypeRegistry     : Adding type registration java.math.BigInteger -> org.hibernate.type.BasicTypeReference@400caad4
2026-05-04T20:12:28.966-03:00 DEBUG 78226 --- [api-externa-backend] [restartedMain] org.hibernate.type.BasicTypeRegistry     : Adding type registration big_decimal -> org.hibernate.type.BasicTypeReference@1f9324ba
2026-05-04T20:12:28.966-03:00 DEBUG 78226 --- [api-externa-backend] [restartedMain] org.hibernate.type.BasicTypeRegistry     : Adding type registration java.math.BigDecimal -> org.hibernate.type.BasicTypeReference@1f9324ba
2026-05-04T20:12:28.966-03:00 DEBUG 78226 --- [api-externa-backend] [restartedMain] org.hibernate.type.BasicTypeRegistry     : Adding type registration character -> org.hibernate.type.BasicTypeReference@7cbe030c
2026-05-04T20:12:28.966-03:00 DEBUG 78226 --- [api-externa-backend] [restartedMain] org.hibernate.type.BasicTypeRegistry     : Adding type registration char -> org.hibernate.type.BasicTypeReference@7cbe030c
2026-05-04T20:12:28.966-03:00 DEBUG 78226 --- [api-externa-backend] [restartedMain] org.hibernate.type.BasicTypeRegistry     : Adding type registration java.lang.Character -> org.hibernate.type.BasicTypeReference@7cbe030c
2026-05-04T20:12:28.967-03:00 DEBUG 78226 --- [api-externa-backend] [restartedMain] org.hibernate.type.BasicTypeRegistry     : Adding type registration character_nchar -> org.hibernate.type.BasicTypeReference@813f034
2026-05-04T20:12:28.967-03:00 DEBUG 78226 --- [api-externa-backend] [restartedMain] org.hibernate.type.BasicTypeRegistry     : Adding type registration string -> org.hibernate.type.BasicTypeReference@2d6cb1e8
2026-05-04T20:12:28.967-03:00 DEBUG 78226 --- [api-externa-backend] [restartedMain] org.hibernate.type.BasicTypeRegistry     : Adding type registration java.lang.String -> org.hibernate.type.BasicTypeReference@2d6cb1e8
2026-05-04T20:12:28.967-03:00 DEBUG 78226 --- [api-externa-backend] [restartedMain] org.hibernate.type.BasicTypeRegistry     : Adding type registration nstring -> org.hibernate.type.BasicTypeReference@2bdce60b
2026-05-04T20:12:28.967-03:00 DEBUG 78226 --- [api-externa-backend] [restartedMain] org.hibernate.type.BasicTypeRegistry     : Adding type registration characters -> org.hibernate.type.BasicTypeReference@27f6361f
2026-05-04T20:12:28.967-03:00 DEBUG 78226 --- [api-externa-backend] [restartedMain] org.hibernate.type.BasicTypeRegistry     : Adding type registration char[] -> org.hibernate.type.BasicTypeReference@27f6361f
2026-05-04T20:12:28.967-03:00 DEBUG 78226 --- [api-externa-backend] [restartedMain] org.hibernate.type.BasicTypeRegistry     : Adding type registration [C -> org.hibernate.type.BasicTypeReference@27f6361f
2026-05-04T20:12:28.967-03:00 DEBUG 78226 --- [api-externa-backend] [restartedMain] org.hibernate.type.BasicTypeRegistry     : Adding type registration wrapper-characters -> org.hibernate.type.BasicTypeReference@3073f085
2026-05-04T20:12:28.967-03:00 DEBUG 78226 --- [api-externa-backend] [restartedMain] org.hibernate.type.BasicTypeRegistry     : Adding type registration text -> org.hibernate.type.BasicTypeReference@7858e492
2026-05-04T20:12:28.967-03:00 DEBUG 78226 --- [api-externa-backend] [restartedMain] org.hibernate.type.BasicTypeRegistry     : Adding type registration ntext -> org.hibernate.type.BasicTypeReference@34f8a92c
2026-05-04T20:12:28.967-03:00 DEBUG 78226 --- [api-externa-backend] [restartedMain] org.hibernate.type.BasicTypeRegistry     : Adding type registration clob -> org.hibernate.type.BasicTypeReference@22283762
2026-05-04T20:12:28.967-03:00 DEBUG 78226 --- [api-externa-backend] [restartedMain] org.hibernate.type.BasicTypeRegistry     : Adding type registration java.sql.Clob -> org.hibernate.type.BasicTypeReference@22283762
2026-05-04T20:12:28.967-03:00 DEBUG 78226 --- [api-externa-backend] [restartedMain] org.hibernate.type.BasicTypeRegistry     : Adding type registration nclob -> org.hibernate.type.BasicTypeReference@d701c7a
2026-05-04T20:12:28.967-03:00 DEBUG 78226 --- [api-externa-backend] [restartedMain] org.hibernate.type.BasicTypeRegistry     : Adding type registration java.sql.NClob -> org.hibernate.type.BasicTypeReference@d701c7a
2026-05-04T20:12:28.967-03:00 DEBUG 78226 --- [api-externa-backend] [restartedMain] org.hibernate.type.BasicTypeRegistry     : Adding type registration materialized_clob -> org.hibernate.type.BasicTypeReference@32330532
2026-05-04T20:12:28.967-03:00 DEBUG 78226 --- [api-externa-backend] [restartedMain] org.hibernate.type.BasicTypeRegistry     : Adding type registration materialized_clob_char_array -> org.hibernate.type.BasicTypeReference@43f36b91
2026-05-04T20:12:28.967-03:00 DEBUG 78226 --- [api-externa-backend] [restartedMain] org.hibernate.type.BasicTypeRegistry     : Adding type registration materialized_clob_character_array -> org.hibernate.type.BasicTypeReference@2003c7aa
2026-05-04T20:12:28.967-03:00 DEBUG 78226 --- [api-externa-backend] [restartedMain] org.hibernate.type.BasicTypeRegistry     : Adding type registration materialized_nclob -> org.hibernate.type.BasicTypeReference@2d9d8c1c
2026-05-04T20:12:28.967-03:00 DEBUG 78226 --- [api-externa-backend] [restartedMain] org.hibernate.type.BasicTypeRegistry     : Adding type registration materialized_nclob_character_array -> org.hibernate.type.BasicTypeReference@7ad1608
2026-05-04T20:12:28.967-03:00 DEBUG 78226 --- [api-externa-backend] [restartedMain] org.hibernate.type.BasicTypeRegistry     : Adding type registration materialized_nclob_char_array -> org.hibernate.type.BasicTypeReference@5f5a4a8f
2026-05-04T20:12:28.967-03:00 DEBUG 78226 --- [api-externa-backend] [restartedMain] org.hibernate.type.BasicTypeRegistry     : Adding type registration Duration -> org.hibernate.type.BasicTypeReference@61daf859
2026-05-04T20:12:28.967-03:00 DEBUG 78226 --- [api-externa-backend] [restartedMain] org.hibernate.type.BasicTypeRegistry     : Adding type registration java.time.Duration -> org.hibernate.type.BasicTypeReference@61daf859
2026-05-04T20:12:28.968-03:00 DEBUG 78226 --- [api-externa-backend] [restartedMain] org.hibernate.type.BasicTypeRegistry     : Adding type registration LocalDateTime -> org.hibernate.type.BasicTypeReference@20666512
2026-05-04T20:12:28.968-03:00 DEBUG 78226 --- [api-externa-backend] [restartedMain] org.hibernate.type.BasicTypeRegistry     : Adding type registration java.time.LocalDateTime -> org.hibernate.type.BasicTypeReference@20666512
2026-05-04T20:12:28.968-03:00 DEBUG 78226 --- [api-externa-backend] [restartedMain] org.hibernate.type.BasicTypeRegistry     : Adding type registration LocalDate -> org.hibernate.type.BasicTypeReference@4f942a40
2026-05-04T20:12:28.968-03:00 DEBUG 78226 --- [api-externa-backend] [restartedMain] org.hibernate.type.BasicTypeRegistry     : Adding type registration java.time.LocalDate -> org.hibernate.type.BasicTypeReference@4f942a40
2026-05-04T20:12:28.968-03:00 DEBUG 78226 --- [api-externa-backend] [restartedMain] org.hibernate.type.BasicTypeRegistry     : Adding type registration LocalTime -> org.hibernate.type.BasicTypeReference@42970f0f
2026-05-04T20:12:28.968-03:00 DEBUG 78226 --- [api-externa-backend] [restartedMain] org.hibernate.type.BasicTypeRegistry     : Adding type registration java.time.LocalTime -> org.hibernate.type.BasicTypeReference@42970f0f
2026-05-04T20:12:28.968-03:00 DEBUG 78226 --- [api-externa-backend] [restartedMain] org.hibernate.type.BasicTypeRegistry     : Adding type registration OffsetDateTime -> org.hibernate.type.BasicTypeReference@74393f34
2026-05-04T20:12:28.968-03:00 DEBUG 78226 --- [api-externa-backend] [restartedMain] org.hibernate.type.BasicTypeRegistry     : Adding type registration java.time.OffsetDateTime -> org.hibernate.type.BasicTypeReference@74393f34
2026-05-04T20:12:28.968-03:00 DEBUG 78226 --- [api-externa-backend] [restartedMain] org.hibernate.type.BasicTypeRegistry     : Adding type registration OffsetDateTimeWithTimezone -> org.hibernate.type.BasicTypeReference@67648a54
2026-05-04T20:12:28.968-03:00 DEBUG 78226 --- [api-externa-backend] [restartedMain] org.hibernate.type.BasicTypeRegistry     : Adding type registration OffsetDateTimeWithoutTimezone -> org.hibernate.type.BasicTypeReference@9cc6ad2
2026-05-04T20:12:28.968-03:00 DEBUG 78226 --- [api-externa-backend] [restartedMain] org.hibernate.type.BasicTypeRegistry     : Adding type registration OffsetTime -> org.hibernate.type.BasicTypeReference@7359f393
2026-05-04T20:12:28.968-03:00 DEBUG 78226 --- [api-externa-backend] [restartedMain] org.hibernate.type.BasicTypeRegistry     : Adding type registration java.time.OffsetTime -> org.hibernate.type.BasicTypeReference@7359f393
2026-05-04T20:12:28.968-03:00 DEBUG 78226 --- [api-externa-backend] [restartedMain] org.hibernate.type.BasicTypeRegistry     : Adding type registration OffsetTimeUtc -> org.hibernate.type.BasicTypeReference@4e24a253
2026-05-04T20:12:28.968-03:00 DEBUG 78226 --- [api-externa-backend] [restartedMain] org.hibernate.type.BasicTypeRegistry     : Adding type registration OffsetTimeWithTimezone -> org.hibernate.type.BasicTypeReference@d51a7e9
2026-05-04T20:12:28.968-03:00 DEBUG 78226 --- [api-externa-backend] [restartedMain] org.hibernate.type.BasicTypeRegistry     : Adding type registration OffsetTimeWithoutTimezone -> org.hibernate.type.BasicTypeReference@67a1d66b
2026-05-04T20:12:28.968-03:00 DEBUG 78226 --- [api-externa-backend] [restartedMain] org.hibernate.type.BasicTypeRegistry     : Adding type registration ZonedDateTime -> org.hibernate.type.BasicTypeReference@5bd86467
2026-05-04T20:12:28.968-03:00 DEBUG 78226 --- [api-externa-backend] [restartedMain] org.hibernate.type.BasicTypeRegistry     : Adding type registration java.time.ZonedDateTime -> org.hibernate.type.BasicTypeReference@5bd86467
2026-05-04T20:12:28.968-03:00 DEBUG 78226 --- [api-externa-backend] [restartedMain] org.hibernate.type.BasicTypeRegistry     : Adding type registration ZonedDateTimeWithTimezone -> org.hibernate.type.BasicTypeReference@30056375
2026-05-04T20:12:28.968-03:00 DEBUG 78226 --- [api-externa-backend] [restartedMain] org.hibernate.type.BasicTypeRegistry     : Adding type registration ZonedDateTimeWithoutTimezone -> org.hibernate.type.BasicTypeReference@306bf473
2026-05-04T20:12:28.968-03:00 DEBUG 78226 --- [api-externa-backend] [restartedMain] org.hibernate.type.BasicTypeRegistry     : Adding type registration date -> org.hibernate.type.BasicTypeReference@59907e9b
2026-05-04T20:12:28.968-03:00 DEBUG 78226 --- [api-externa-backend] [restartedMain] org.hibernate.type.BasicTypeRegistry     : Adding type registration java.sql.Date -> org.hibernate.type.BasicTypeReference@59907e9b
2026-05-04T20:12:28.968-03:00 DEBUG 78226 --- [api-externa-backend] [restartedMain] org.hibernate.type.BasicTypeRegistry     : Adding type registration time -> org.hibernate.type.BasicTypeReference@41f3d292
2026-05-04T20:12:28.968-03:00 DEBUG 78226 --- [api-externa-backend] [restartedMain] org.hibernate.type.BasicTypeRegistry     : Adding type registration java.sql.Time -> org.hibernate.type.BasicTypeReference@41f3d292
2026-05-04T20:12:28.968-03:00 DEBUG 78226 --- [api-externa-backend] [restartedMain] org.hibernate.type.BasicTypeRegistry     : Adding type registration timestamp -> org.hibernate.type.BasicTypeReference@5a761f12
2026-05-04T20:12:28.968-03:00 DEBUG 78226 --- [api-externa-backend] [restartedMain] org.hibernate.type.BasicTypeRegistry     : Adding type registration java.sql.Timestamp -> org.hibernate.type.BasicTypeReference@5a761f12
2026-05-04T20:12:28.968-03:00 DEBUG 78226 --- [api-externa-backend] [restartedMain] org.hibernate.type.BasicTypeRegistry     : Adding type registration java.util.Date -> org.hibernate.type.BasicTypeReference@5a761f12
2026-05-04T20:12:28.968-03:00 DEBUG 78226 --- [api-externa-backend] [restartedMain] org.hibernate.type.BasicTypeRegistry     : Adding type registration calendar -> org.hibernate.type.BasicTypeReference@3551b043
2026-05-04T20:12:28.968-03:00 DEBUG 78226 --- [api-externa-backend] [restartedMain] org.hibernate.type.BasicTypeRegistry     : Adding type registration java.util.Calendar -> org.hibernate.type.BasicTypeReference@3551b043
2026-05-04T20:12:28.968-03:00 DEBUG 78226 --- [api-externa-backend] [restartedMain] org.hibernate.type.BasicTypeRegistry     : Adding type registration java.util.GregorianCalendar -> org.hibernate.type.BasicTypeReference@3551b043
2026-05-04T20:12:28.968-03:00 DEBUG 78226 --- [api-externa-backend] [restartedMain] org.hibernate.type.BasicTypeRegistry     : Adding type registration calendar_date -> org.hibernate.type.BasicTypeReference@6fef64d4
2026-05-04T20:12:28.968-03:00 DEBUG 78226 --- [api-externa-backend] [restartedMain] org.hibernate.type.BasicTypeRegistry     : Adding type registration calendar_time -> org.hibernate.type.BasicTypeReference@30d74cf9
2026-05-04T20:12:28.968-03:00 DEBUG 78226 --- [api-externa-backend] [restartedMain] org.hibernate.type.BasicTypeRegistry     : Adding type registration instant -> org.hibernate.type.BasicTypeReference@5ab34b7e
2026-05-04T20:12:28.968-03:00 DEBUG 78226 --- [api-externa-backend] [restartedMain] org.hibernate.type.BasicTypeRegistry     : Adding type registration java.time.Instant -> org.hibernate.type.BasicTypeReference@5ab34b7e
2026-05-04T20:12:28.968-03:00 DEBUG 78226 --- [api-externa-backend] [restartedMain] org.hibernate.type.BasicTypeRegistry     : Adding type registration uuid -> org.hibernate.type.BasicTypeReference@62582bc3
2026-05-04T20:12:28.968-03:00 DEBUG 78226 --- [api-externa-backend] [restartedMain] org.hibernate.type.BasicTypeRegistry     : Adding type registration java.util.UUID -> org.hibernate.type.BasicTypeReference@62582bc3
2026-05-04T20:12:28.968-03:00 DEBUG 78226 --- [api-externa-backend] [restartedMain] org.hibernate.type.BasicTypeRegistry     : Adding type registration pg-uuid -> org.hibernate.type.BasicTypeReference@62582bc3
2026-05-04T20:12:28.968-03:00 DEBUG 78226 --- [api-externa-backend] [restartedMain] org.hibernate.type.BasicTypeRegistry     : Adding type registration uuid-binary -> org.hibernate.type.BasicTypeReference@76853a98
2026-05-04T20:12:28.968-03:00 DEBUG 78226 --- [api-externa-backend] [restartedMain] org.hibernate.type.BasicTypeRegistry     : Adding type registration uuid-char -> org.hibernate.type.BasicTypeReference@7cbf1035
2026-05-04T20:12:28.968-03:00 DEBUG 78226 --- [api-externa-backend] [restartedMain] org.hibernate.type.BasicTypeRegistry     : Adding type registration class -> org.hibernate.type.BasicTypeReference@3c174c67
2026-05-04T20:12:28.969-03:00 DEBUG 78226 --- [api-externa-backend] [restartedMain] org.hibernate.type.BasicTypeRegistry     : Adding type registration java.lang.Class -> org.hibernate.type.BasicTypeReference@3c174c67
2026-05-04T20:12:28.969-03:00 DEBUG 78226 --- [api-externa-backend] [restartedMain] org.hibernate.type.BasicTypeRegistry     : Adding type registration currency -> org.hibernate.type.BasicTypeReference@1f327e15
2026-05-04T20:12:28.969-03:00 DEBUG 78226 --- [api-externa-backend] [restartedMain] org.hibernate.type.BasicTypeRegistry     : Adding type registration Currency -> org.hibernate.type.BasicTypeReference@1f327e15
2026-05-04T20:12:28.969-03:00 DEBUG 78226 --- [api-externa-backend] [restartedMain] org.hibernate.type.BasicTypeRegistry     : Adding type registration java.util.Currency -> org.hibernate.type.BasicTypeReference@1f327e15
2026-05-04T20:12:28.969-03:00 DEBUG 78226 --- [api-externa-backend] [restartedMain] org.hibernate.type.BasicTypeRegistry     : Adding type registration locale -> org.hibernate.type.BasicTypeReference@40bcd691
2026-05-04T20:12:28.969-03:00 DEBUG 78226 --- [api-externa-backend] [restartedMain] org.hibernate.type.BasicTypeRegistry     : Adding type registration java.util.Locale -> org.hibernate.type.BasicTypeReference@40bcd691
2026-05-04T20:12:28.969-03:00 DEBUG 78226 --- [api-externa-backend] [restartedMain] org.hibernate.type.BasicTypeRegistry     : Adding type registration serializable -> org.hibernate.type.BasicTypeReference@4406480b
2026-05-04T20:12:28.969-03:00 DEBUG 78226 --- [api-externa-backend] [restartedMain] org.hibernate.type.BasicTypeRegistry     : Adding type registration java.io.Serializable -> org.hibernate.type.BasicTypeReference@4406480b
2026-05-04T20:12:28.969-03:00 DEBUG 78226 --- [api-externa-backend] [restartedMain] org.hibernate.type.BasicTypeRegistry     : Adding type registration timezone -> org.hibernate.type.BasicTypeReference@42f44098
2026-05-04T20:12:28.969-03:00 DEBUG 78226 --- [api-externa-backend] [restartedMain] org.hibernate.type.BasicTypeRegistry     : Adding type registration java.util.TimeZone -> org.hibernate.type.BasicTypeReference@42f44098
2026-05-04T20:12:28.969-03:00 DEBUG 78226 --- [api-externa-backend] [restartedMain] org.hibernate.type.BasicTypeRegistry     : Adding type registration ZoneOffset -> org.hibernate.type.BasicTypeReference@4eba4c05
2026-05-04T20:12:28.969-03:00 DEBUG 78226 --- [api-externa-backend] [restartedMain] org.hibernate.type.BasicTypeRegistry     : Adding type registration java.time.ZoneOffset -> org.hibernate.type.BasicTypeReference@4eba4c05
2026-05-04T20:12:28.969-03:00 DEBUG 78226 --- [api-externa-backend] [restartedMain] org.hibernate.type.BasicTypeRegistry     : Adding type registration url -> org.hibernate.type.BasicTypeReference@6894131d
2026-05-04T20:12:28.969-03:00 DEBUG 78226 --- [api-externa-backend] [restartedMain] org.hibernate.type.BasicTypeRegistry     : Adding type registration java.net.URL -> org.hibernate.type.BasicTypeReference@6894131d
2026-05-04T20:12:28.969-03:00 DEBUG 78226 --- [api-externa-backend] [restartedMain] org.hibernate.type.BasicTypeRegistry     : Adding type registration vector -> org.hibernate.type.BasicTypeReference@1ea44814
2026-05-04T20:12:28.969-03:00 DEBUG 78226 --- [api-externa-backend] [restartedMain] org.hibernate.type.BasicTypeRegistry     : Adding type registration float_vector -> org.hibernate.type.BasicTypeReference@7e343bd8
2026-05-04T20:12:28.969-03:00 DEBUG 78226 --- [api-externa-backend] [restartedMain] org.hibernate.type.BasicTypeRegistry     : Adding type registration double_vector -> org.hibernate.type.BasicTypeReference@62728a7f
2026-05-04T20:12:28.969-03:00 DEBUG 78226 --- [api-externa-backend] [restartedMain] org.hibernate.type.BasicTypeRegistry     : Adding type registration byte_vector -> org.hibernate.type.BasicTypeReference@2ab661d7
2026-05-04T20:12:28.969-03:00 DEBUG 78226 --- [api-externa-backend] [restartedMain] org.hibernate.type.BasicTypeRegistry     : Adding type registration row_version -> org.hibernate.type.BasicTypeReference@166e687d
2026-05-04T20:12:28.970-03:00 DEBUG 78226 --- [api-externa-backend] [restartedMain] org.hibernate.type.BasicTypeRegistry     : Adding type registration object -> org.hibernate.type.JavaObjectType@22c2c52e
2026-05-04T20:12:28.970-03:00 DEBUG 78226 --- [api-externa-backend] [restartedMain] org.hibernate.type.BasicTypeRegistry     : Adding type registration java.lang.Object -> org.hibernate.type.JavaObjectType@22c2c52e
2026-05-04T20:12:28.971-03:00 DEBUG 78226 --- [api-externa-backend] [restartedMain] org.hibernate.type.BasicTypeRegistry     : Adding type registration null -> org.hibernate.type.NullType@6b1585aa
2026-05-04T20:12:28.971-03:00 DEBUG 78226 --- [api-externa-backend] [restartedMain] org.hibernate.type.BasicTypeRegistry     : Adding type registration imm_date -> org.hibernate.type.BasicTypeReference@2532963c
2026-05-04T20:12:28.971-03:00 DEBUG 78226 --- [api-externa-backend] [restartedMain] org.hibernate.type.BasicTypeRegistry     : Adding type registration imm_time -> org.hibernate.type.BasicTypeReference@7e8b747a
2026-05-04T20:12:28.971-03:00 DEBUG 78226 --- [api-externa-backend] [restartedMain] org.hibernate.type.BasicTypeRegistry     : Adding type registration imm_timestamp -> org.hibernate.type.BasicTypeReference@206b88bb
2026-05-04T20:12:28.971-03:00 DEBUG 78226 --- [api-externa-backend] [restartedMain] org.hibernate.type.BasicTypeRegistry     : Adding type registration imm_calendar -> org.hibernate.type.BasicTypeReference@671471c9
2026-05-04T20:12:28.971-03:00 DEBUG 78226 --- [api-externa-backend] [restartedMain] org.hibernate.type.BasicTypeRegistry     : Adding type registration imm_calendar_date -> org.hibernate.type.BasicTypeReference@56269861
2026-05-04T20:12:28.971-03:00 DEBUG 78226 --- [api-externa-backend] [restartedMain] org.hibernate.type.BasicTypeRegistry     : Adding type registration imm_calendar_time -> org.hibernate.type.BasicTypeReference@73ab1e7b
2026-05-04T20:12:28.971-03:00 DEBUG 78226 --- [api-externa-backend] [restartedMain] org.hibernate.type.BasicTypeRegistry     : Adding type registration imm_binary -> org.hibernate.type.BasicTypeReference@f797ee5
2026-05-04T20:12:28.971-03:00 DEBUG 78226 --- [api-externa-backend] [restartedMain] org.hibernate.type.BasicTypeRegistry     : Adding type registration imm_serializable -> org.hibernate.type.BasicTypeReference@4ba7dcfa
2026-05-04T20:12:29.043-03:00  INFO 78226 --- [api-externa-backend] [restartedMain] o.s.o.j.p.SpringPersistenceUnitInfo      : No LoadTimeWeaver setup: ignoring JPA class transformer
2026-05-04T20:12:29.069-03:00  INFO 78226 --- [api-externa-backend] [restartedMain] org.hibernate.orm.connections.pooling    : HHH10001005: Database info:
	Database JDBC URL [Connecting through datasource 'HikariDataSource (HikariPool-1)']
	Database driver: undefined/unknown
	Database version: 2.3.232
	Autocommit mode: undefined/unknown
	Isolation level: undefined/unknown
	Minimum pool size: undefined/unknown
	Maximum pool size: undefined/unknown
2026-05-04T20:12:29.071-03:00 DEBUG 78226 --- [api-externa-backend] [restartedMain] o.h.t.d.jdbc.spi.JdbcTypeRegistry        : addDescriptor(NCharTypeDescriptor) replaced previous registration(CharTypeDescriptor)
2026-05-04T20:12:29.071-03:00 DEBUG 78226 --- [api-externa-backend] [restartedMain] o.h.t.d.jdbc.spi.JdbcTypeRegistry        : addDescriptor(NVarcharTypeDescriptor) replaced previous registration(VarcharTypeDescriptor)
2026-05-04T20:12:29.071-03:00 DEBUG 78226 --- [api-externa-backend] [restartedMain] o.h.t.d.jdbc.spi.JdbcTypeRegistry        : addDescriptor(LongNVarcharTypeDescriptor) replaced previous registration(LongVarcharTypeDescriptor)
2026-05-04T20:12:29.072-03:00 DEBUG 78226 --- [api-externa-backend] [restartedMain] o.h.t.d.jdbc.spi.JdbcTypeRegistry        : addDescriptor(NClobTypeDescriptor(DEFAULT)) replaced previous registration(ClobTypeDescriptor(DEFAULT))
2026-05-04T20:12:29.072-03:00 DEBUG 78226 --- [api-externa-backend] [restartedMain] o.h.t.d.jdbc.spi.JdbcTypeRegistry        : addDescriptor(TimestampUtcDescriptor) replaced previous registration(TimestampUtcDescriptor)
2026-05-04T20:12:29.073-03:00 DEBUG 78226 --- [api-externa-backend] [restartedMain] org.hibernate.type.BasicTypeRegistry     : Adding type registration org.hibernate.type.DurationType -> basicType@1(java.time.Duration,3015)
2026-05-04T20:12:29.073-03:00 DEBUG 78226 --- [api-externa-backend] [restartedMain] org.hibernate.type.BasicTypeRegistry     : Adding type registration Duration -> basicType@1(java.time.Duration,3015)
2026-05-04T20:12:29.073-03:00 DEBUG 78226 --- [api-externa-backend] [restartedMain] org.hibernate.type.BasicTypeRegistry     : Adding type registration java.time.Duration -> basicType@1(java.time.Duration,3015)
2026-05-04T20:12:29.074-03:00 DEBUG 78226 --- [api-externa-backend] [restartedMain] o.h.type.spi.TypeConfiguration$Scope     : Scoping TypeConfiguration [org.hibernate.type.spi.TypeConfiguration@8ec9103] to MetadataBuildingContext [org.hibernate.boot.internal.MetadataBuildingContextRootImpl@2e6b9dc2]
2026-05-04T20:12:29.335-03:00  INFO 78226 --- [api-externa-backend] [restartedMain] o.h.e.t.j.p.i.JtaPlatformInitiator       : HHH000489: No JTA platform available (set 'hibernate.transaction.jta.platform' to enable JTA platform integration)
2026-05-04T20:12:29.336-03:00 DEBUG 78226 --- [api-externa-backend] [restartedMain] o.h.type.spi.TypeConfiguration$Scope     : Scoping TypeConfiguration [org.hibernate.type.spi.TypeConfiguration@8ec9103] to SessionFactoryImplementor [org.hibernate.internal.SessionFactoryImpl@1553c6]
2026-05-04T20:12:29.339-03:00 DEBUG 78226 --- [api-externa-backend] [restartedMain] org.hibernate.SQL                        : 
    drop table if exists tb_acao cascade 
2026-05-04T20:12:29.340-03:00 DEBUG 78226 --- [api-externa-backend] [restartedMain] org.hibernate.SQL                        : 
    drop table if exists tb_corretora cascade 
2026-05-04T20:12:29.341-03:00 DEBUG 78226 --- [api-externa-backend] [restartedMain] org.hibernate.SQL                        : 
    drop sequence if exists seq_acao
2026-05-04T20:12:29.341-03:00 DEBUG 78226 --- [api-externa-backend] [restartedMain] org.hibernate.SQL                        : 
    drop sequence if exists seq_corretora
2026-05-04T20:12:29.342-03:00 DEBUG 78226 --- [api-externa-backend] [restartedMain] org.hibernate.SQL                        : 
    create sequence seq_acao start with 1 increment by 1
2026-05-04T20:12:29.343-03:00 DEBUG 78226 --- [api-externa-backend] [restartedMain] org.hibernate.SQL                        : 
    create sequence seq_corretora start with 1 increment by 1
2026-05-04T20:12:29.343-03:00 DEBUG 78226 --- [api-externa-backend] [restartedMain] org.hibernate.SQL                        : 
    create table tb_acao (
        cotacao_atual numeric(19,2),
        data_hora_cotacao timestamp(6),
        id bigint not null,
        mercado varchar(255) not null,
        moeda varchar(255) not null,
        nome_empresa varchar(255),
        ticker varchar(255) not null unique,
        primary key (id)
    )
2026-05-04T20:12:29.345-03:00 DEBUG 78226 --- [api-externa-backend] [restartedMain] org.hibernate.SQL                        : 
    create table tb_corretora (
        uf varchar(2),
        validada_na_cvm boolean not null,
        cep varchar(8),
        data_cadastro timestamp(6) not null,
        id bigint not null,
        numero varchar(10),
        cnpj varchar(14) not null unique,
        situacao_cadastral varchar(30),
        telefone varchar(30),
        bairro varchar(50),
        cidade varchar(50),
        complemento varchar(100),
        email varchar(100),
        logradouro varchar(100),
        nome_fantasia varchar(100),
        razao_social varchar(100) not null,
        primary key (id)
    )
2026-05-04T20:12:29.347-03:00 TRACE 78226 --- [api-externa-backend] [restartedMain] o.h.type.spi.TypeConfiguration$Scope     : Handling #sessionFactoryCreated from [org.hibernate.internal.SessionFactoryImpl@1553c6] for TypeConfiguration
2026-05-04T20:12:29.347-03:00  INFO 78226 --- [api-externa-backend] [restartedMain] j.LocalContainerEntityManagerFactoryBean : Initialized JPA EntityManagerFactory for persistence unit 'default'
2026-05-04T20:12:29.371-03:00  WARN 78226 --- [api-externa-backend] [restartedMain] JpaBaseConfiguration$JpaWebConfiguration : spring.jpa.open-in-view is enabled by default. Therefore, database queries may be performed during view rendering. Explicitly configure spring.jpa.open-in-view to disable this warning
2026-05-04T20:12:29.384-03:00  INFO 78226 --- [api-externa-backend] [restartedMain] o.s.b.d.a.OptionalLiveReloadServer       : LiveReload server is running on port 35729
2026-05-04T20:12:29.597-03:00  INFO 78226 --- [api-externa-backend] [restartedMain] o.s.b.a.h2.H2ConsoleAutoConfiguration    : H2 console available at '/h2-console'. Database available at 'jdbc:h2:mem:cursodb'
2026-05-04T20:12:29.641-03:00  INFO 78226 --- [api-externa-backend] [restartedMain] o.s.b.w.embedded.tomcat.TomcatWebServer  : Tomcat started on port 8080 (http) with context path '/'
2026-05-04T20:12:29.647-03:00  INFO 78226 --- [api-externa-backend] [restartedMain] com.ApiExternaBackendApplication         : Started ApiExternaBackendApplication in 1.581 seconds (process running for 1.865)
2026-05-04T20:12:34.965-03:00  INFO 78226 --- [api-externa-backend] [http-nio-8080-exec-1] o.a.c.c.C.[Tomcat].[localhost].[/]       : Initializing Spring DispatcherServlet 'dispatcherServlet'
2026-05-04T20:12:34.966-03:00  INFO 78226 --- [api-externa-backend] [http-nio-8080-exec-1] o.s.web.servlet.DispatcherServlet        : Initializing Servlet 'dispatcherServlet'
2026-05-04T20:12:34.966-03:00  INFO 78226 --- [api-externa-backend] [http-nio-8080-exec-1] o.s.web.servlet.DispatcherServlet        : Completed initialization in 0 ms
2026-05-04T20:12:35.042-03:00 DEBUG 78226 --- [api-externa-backend] [http-nio-8080-exec-1] org.hibernate.SQL                        : 
    select
        a1_0.id 
    from
        tb_acao a1_0 
    where
        a1_0.ticker=? 
    fetch
        first ? rows only
2026-05-04T20:12:35.694-03:00 DEBUG 78226 --- [api-externa-backend] [http-nio-8080-exec-1] org.hibernate.SQL                        : 
    select
        next value for seq_acao
2026-05-04T20:12:35.711-03:00 DEBUG 78226 --- [api-externa-backend] [http-nio-8080-exec-1] org.hibernate.SQL                        : 
    insert 
    into
        tb_acao
        (cotacao_atual, data_hora_cotacao, mercado, moeda, nome_empresa, ticker, id) 
    values
        (?, ?, ?, ?, ?, ?, ?)
2026-05-04T20:12:54.286-03:00  INFO 78226 --- [api-externa-backend] [File Watcher] rtingClassPathChangeChangedEventListener : Restarting due to 1 class path change (0 additions, 0 deletions, 1 modification)
2026-05-04T20:12:54.289-03:00  INFO 78226 --- [api-externa-backend] [Thread-5] o.s.b.w.e.tomcat.GracefulShutdown        : Commencing graceful shutdown. Waiting for active requests to complete
2026-05-04T20:12:54.291-03:00  INFO 78226 --- [api-externa-backend] [tomcat-shutdown] o.s.b.w.e.tomcat.GracefulShutdown        : Graceful shutdown complete
2026-05-04T20:12:54.294-03:00  INFO 78226 --- [api-externa-backend] [Thread-5] j.LocalContainerEntityManagerFactoryBean : Closing JPA EntityManagerFactory for persistence unit 'default'
2026-05-04T20:12:54.295-03:00 DEBUG 78226 --- [api-externa-backend] [Thread-5] org.hibernate.SQL                        : 
    drop table if exists tb_acao cascade 
2026-05-04T20:12:54.296-03:00 DEBUG 78226 --- [api-externa-backend] [Thread-5] org.hibernate.SQL                        : 
    drop table if exists tb_corretora cascade 
2026-05-04T20:12:54.297-03:00 DEBUG 78226 --- [api-externa-backend] [Thread-5] org.hibernate.SQL                        : 
    drop sequence if exists seq_acao
2026-05-04T20:12:54.297-03:00 DEBUG 78226 --- [api-externa-backend] [Thread-5] org.hibernate.SQL                        : 
    drop sequence if exists seq_corretora
2026-05-04T20:12:54.298-03:00 TRACE 78226 --- [api-externa-backend] [Thread-5] o.h.type.spi.TypeConfiguration$Scope     : Handling #sessionFactoryClosed from [org.hibernate.internal.SessionFactoryImpl@1553c6] for TypeConfiguration
2026-05-04T20:12:54.298-03:00 DEBUG 78226 --- [api-externa-backend] [Thread-5] o.h.type.spi.TypeConfiguration$Scope     : Un-scoping TypeConfiguration [org.hibernate.type.spi.TypeConfiguration$Scope@3d08f6b8] from SessionFactory [org.hibernate.internal.SessionFactoryImpl@1553c6]
2026-05-04T20:12:54.302-03:00  WARN 78226 --- [api-externa-backend] [Thread-5] o.s.b.f.support.DisposableBeanAdapter    : Invocation of destroy method failed on bean with name 'inMemoryDatabaseShutdownExecutor': org.h2.jdbc.JdbcSQLNonTransientConnectionException: Database is already closed (to disable automatic closing at VM shutdown, add ";DB_CLOSE_ON_EXIT=FALSE" to the db URL) [90121-232]
2026-05-04T20:12:54.303-03:00  INFO 78226 --- [api-externa-backend] [Thread-5] com.zaxxer.hikari.HikariDataSource       : HikariPool-1 - Shutdown initiated...
2026-05-04T20:12:54.304-03:00  INFO 78226 --- [api-externa-backend] [Thread-5] com.zaxxer.hikari.HikariDataSource       : HikariPool-1 - Shutdown completed.
2026-05-04T20:12:54.361-03:00  INFO 78226 --- [api-externa-backend] [restartedMain] com.ApiExternaBackendApplication         : Starting ApiExternaBackendApplication using Java 17.0.16 with PID 78226 (/Users/lucas/Documents/Programacao/Spring/api-externa-backend/target/classes started by lucas in /Users/lucas/Documents/Programacao/Spring/api-externa-backend)
2026-05-04T20:12:54.361-03:00  INFO 78226 --- [api-externa-backend] [restartedMain] com.ApiExternaBackendApplication         : The following 1 profile is active: "test"
2026-05-04T20:12:54.484-03:00  INFO 78226 --- [api-externa-backend] [restartedMain] .s.d.r.c.RepositoryConfigurationDelegate : Bootstrapping Spring Data JPA repositories in DEFAULT mode.
2026-05-04T20:12:54.502-03:00  INFO 78226 --- [api-externa-backend] [restartedMain] .s.d.r.c.RepositoryConfigurationDelegate : Finished Spring Data repository scanning in 18 ms. Found 2 JPA repository interfaces.
2026-05-04T20:12:54.519-03:00  INFO 78226 --- [api-externa-backend] [restartedMain] o.s.cloud.context.scope.GenericScope     : BeanFactory id=94ec2bbb-6b48-336a-a5b1-3dab0d29d059
2026-05-04T20:12:54.546-03:00  INFO 78226 --- [api-externa-backend] [restartedMain] o.s.b.w.embedded.tomcat.TomcatWebServer  : Tomcat initialized with port 8080 (http)
2026-05-04T20:12:54.546-03:00  INFO 78226 --- [api-externa-backend] [restartedMain] o.apache.catalina.core.StandardService   : Starting service [Tomcat]
2026-05-04T20:12:54.546-03:00  INFO 78226 --- [api-externa-backend] [restartedMain] o.apache.catalina.core.StandardEngine    : Starting Servlet engine: [Apache Tomcat/10.1.40]
2026-05-04T20:12:54.552-03:00  INFO 78226 --- [api-externa-backend] [restartedMain] o.a.c.c.C.[Tomcat].[localhost].[/]       : Initializing Spring embedded WebApplicationContext
2026-05-04T20:12:54.553-03:00  INFO 78226 --- [api-externa-backend] [restartedMain] w.s.c.ServletWebServerApplicationContext : Root WebApplicationContext: initialization completed in 191 ms
2026-05-04T20:12:54.570-03:00  INFO 78226 --- [api-externa-backend] [restartedMain] com.zaxxer.hikari.HikariDataSource       : HikariPool-2 - Starting...
2026-05-04T20:12:54.571-03:00  INFO 78226 --- [api-externa-backend] [restartedMain] com.zaxxer.hikari.pool.HikariPool        : HikariPool-2 - Added connection conn10: url=jdbc:h2:mem:cursodb user=SA
2026-05-04T20:12:54.571-03:00  INFO 78226 --- [api-externa-backend] [restartedMain] com.zaxxer.hikari.HikariDataSource       : HikariPool-2 - Start completed.
2026-05-04T20:12:54.572-03:00  INFO 78226 --- [api-externa-backend] [restartedMain] o.hibernate.jpa.internal.util.LogHelper  : HHH000204: Processing PersistenceUnitInfo [name: default]
2026-05-04T20:12:54.573-03:00  INFO 78226 --- [api-externa-backend] [restartedMain] o.h.c.internal.RegionFactoryInitiator    : HHH000026: Second-level cache disabled
2026-05-04T20:12:54.573-03:00 DEBUG 78226 --- [api-externa-backend] [restartedMain] org.hibernate.type.BasicTypeRegistry     : Adding type registration boolean -> org.hibernate.type.BasicTypeReference@52add362
2026-05-04T20:12:54.573-03:00 DEBUG 78226 --- [api-externa-backend] [restartedMain] org.hibernate.type.BasicTypeRegistry     : Adding type registration boolean -> org.hibernate.type.BasicTypeReference@52add362
2026-05-04T20:12:54.573-03:00 DEBUG 78226 --- [api-externa-backend] [restartedMain] org.hibernate.type.BasicTypeRegistry     : Adding type registration java.lang.Boolean -> org.hibernate.type.BasicTypeReference@52add362
2026-05-04T20:12:54.573-03:00 DEBUG 78226 --- [api-externa-backend] [restartedMain] org.hibernate.type.BasicTypeRegistry     : Adding type registration numeric_boolean -> org.hibernate.type.BasicTypeReference@edbb4c2
2026-05-04T20:12:54.573-03:00 DEBUG 78226 --- [api-externa-backend] [restartedMain] org.hibernate.type.BasicTypeRegistry     : Adding type registration org.hibernate.type.NumericBooleanConverter -> org.hibernate.type.BasicTypeReference@edbb4c2
2026-05-04T20:12:54.573-03:00 DEBUG 78226 --- [api-externa-backend] [restartedMain] org.hibernate.type.BasicTypeRegistry     : Adding type registration true_false -> org.hibernate.type.BasicTypeReference@3d3c1a1e
2026-05-04T20:12:54.573-03:00 DEBUG 78226 --- [api-externa-backend] [restartedMain] org.hibernate.type.BasicTypeRegistry     : Adding type registration org.hibernate.type.TrueFalseConverter -> org.hibernate.type.BasicTypeReference@3d3c1a1e
2026-05-04T20:12:54.573-03:00 DEBUG 78226 --- [api-externa-backend] [restartedMain] org.hibernate.type.BasicTypeRegistry     : Adding type registration yes_no -> org.hibernate.type.BasicTypeReference@7c69ac44
2026-05-04T20:12:54.573-03:00 DEBUG 78226 --- [api-externa-backend] [restartedMain] org.hibernate.type.BasicTypeRegistry     : Adding type registration org.hibernate.type.YesNoConverter -> org.hibernate.type.BasicTypeReference@7c69ac44
2026-05-04T20:12:54.573-03:00 DEBUG 78226 --- [api-externa-backend] [restartedMain] org.hibernate.type.BasicTypeRegistry     : Adding type registration byte -> org.hibernate.type.BasicTypeReference@40e34668
2026-05-04T20:12:54.573-03:00 DEBUG 78226 --- [api-externa-backend] [restartedMain] org.hibernate.type.BasicTypeRegistry     : Adding type registration byte -> org.hibernate.type.BasicTypeReference@40e34668
2026-05-04T20:12:54.573-03:00 DEBUG 78226 --- [api-externa-backend] [restartedMain] org.hibernate.type.BasicTypeRegistry     : Adding type registration java.lang.Byte -> org.hibernate.type.BasicTypeReference@40e34668
2026-05-04T20:12:54.573-03:00 DEBUG 78226 --- [api-externa-backend] [restartedMain] org.hibernate.type.BasicTypeRegistry     : Adding type registration binary -> org.hibernate.type.BasicTypeReference@13cd9712
2026-05-04T20:12:54.573-03:00 DEBUG 78226 --- [api-externa-backend] [restartedMain] org.hibernate.type.BasicTypeRegistry     : Adding type registration byte[] -> org.hibernate.type.BasicTypeReference@13cd9712
2026-05-04T20:12:54.573-03:00 DEBUG 78226 --- [api-externa-backend] [restartedMain] org.hibernate.type.BasicTypeRegistry     : Adding type registration [B -> org.hibernate.type.BasicTypeReference@13cd9712
2026-05-04T20:12:54.573-03:00 DEBUG 78226 --- [api-externa-backend] [restartedMain] org.hibernate.type.BasicTypeRegistry     : Adding type registration binary_wrapper -> org.hibernate.type.BasicTypeReference@254cd40e
2026-05-04T20:12:54.573-03:00 DEBUG 78226 --- [api-externa-backend] [restartedMain] org.hibernate.type.BasicTypeRegistry     : Adding type registration wrapper-binary -> org.hibernate.type.BasicTypeReference@254cd40e
2026-05-04T20:12:54.573-03:00 DEBUG 78226 --- [api-externa-backend] [restartedMain] org.hibernate.type.BasicTypeRegistry     : Adding type registration image -> org.hibernate.type.BasicTypeReference@5a46b2b2
2026-05-04T20:12:54.573-03:00 DEBUG 78226 --- [api-externa-backend] [restartedMain] org.hibernate.type.BasicTypeRegistry     : Adding type registration blob -> org.hibernate.type.BasicTypeReference@700c220e
2026-05-04T20:12:54.573-03:00 DEBUG 78226 --- [api-externa-backend] [restartedMain] org.hibernate.type.BasicTypeRegistry     : Adding type registration java.sql.Blob -> org.hibernate.type.BasicTypeReference@700c220e
2026-05-04T20:12:54.573-03:00 DEBUG 78226 --- [api-externa-backend] [restartedMain] org.hibernate.type.BasicTypeRegistry     : Adding type registration materialized_blob -> org.hibernate.type.BasicTypeReference@3fe9db4a
2026-05-04T20:12:54.573-03:00 DEBUG 78226 --- [api-externa-backend] [restartedMain] org.hibernate.type.BasicTypeRegistry     : Adding type registration materialized_blob_wrapper -> org.hibernate.type.BasicTypeReference@7cc6841d
2026-05-04T20:12:54.573-03:00 DEBUG 78226 --- [api-externa-backend] [restartedMain] org.hibernate.type.BasicTypeRegistry     : Adding type registration short -> org.hibernate.type.BasicTypeReference@13fa7a15
2026-05-04T20:12:54.573-03:00 DEBUG 78226 --- [api-externa-backend] [restartedMain] org.hibernate.type.BasicTypeRegistry     : Adding type registration short -> org.hibernate.type.BasicTypeReference@13fa7a15
2026-05-04T20:12:54.573-03:00 DEBUG 78226 --- [api-externa-backend] [restartedMain] org.hibernate.type.BasicTypeRegistry     : Adding type registration java.lang.Short -> org.hibernate.type.BasicTypeReference@13fa7a15
2026-05-04T20:12:54.573-03:00 DEBUG 78226 --- [api-externa-backend] [restartedMain] org.hibernate.type.BasicTypeRegistry     : Adding type registration integer -> org.hibernate.type.BasicTypeReference@2f72636
2026-05-04T20:12:54.573-03:00 DEBUG 78226 --- [api-externa-backend] [restartedMain] org.hibernate.type.BasicTypeRegistry     : Adding type registration int -> org.hibernate.type.BasicTypeReference@2f72636
2026-05-04T20:12:54.573-03:00 DEBUG 78226 --- [api-externa-backend] [restartedMain] org.hibernate.type.BasicTypeRegistry     : Adding type registration java.lang.Integer -> org.hibernate.type.BasicTypeReference@2f72636
2026-05-04T20:12:54.573-03:00 DEBUG 78226 --- [api-externa-backend] [restartedMain] org.hibernate.type.BasicTypeRegistry     : Adding type registration long -> org.hibernate.type.BasicTypeReference@73358ea9
2026-05-04T20:12:54.573-03:00 DEBUG 78226 --- [api-externa-backend] [restartedMain] org.hibernate.type.BasicTypeRegistry     : Adding type registration long -> org.hibernate.type.BasicTypeReference@73358ea9
2026-05-04T20:12:54.573-03:00 DEBUG 78226 --- [api-externa-backend] [restartedMain] org.hibernate.type.BasicTypeRegistry     : Adding type registration java.lang.Long -> org.hibernate.type.BasicTypeReference@73358ea9
2026-05-04T20:12:54.573-03:00 DEBUG 78226 --- [api-externa-backend] [restartedMain] org.hibernate.type.BasicTypeRegistry     : Adding type registration float -> org.hibernate.type.BasicTypeReference@3b9b0abe
2026-05-04T20:12:54.573-03:00 DEBUG 78226 --- [api-externa-backend] [restartedMain] org.hibernate.type.BasicTypeRegistry     : Adding type registration float -> org.hibernate.type.BasicTypeReference@3b9b0abe
2026-05-04T20:12:54.573-03:00 DEBUG 78226 --- [api-externa-backend] [restartedMain] org.hibernate.type.BasicTypeRegistry     : Adding type registration java.lang.Float -> org.hibernate.type.BasicTypeReference@3b9b0abe
2026-05-04T20:12:54.573-03:00 DEBUG 78226 --- [api-externa-backend] [restartedMain] org.hibernate.type.BasicTypeRegistry     : Adding type registration double -> org.hibernate.type.BasicTypeReference@7bf1f50a
2026-05-04T20:12:54.573-03:00 DEBUG 78226 --- [api-externa-backend] [restartedMain] org.hibernate.type.BasicTypeRegistry     : Adding type registration double -> org.hibernate.type.BasicTypeReference@7bf1f50a
2026-05-04T20:12:54.573-03:00 DEBUG 78226 --- [api-externa-backend] [restartedMain] org.hibernate.type.BasicTypeRegistry     : Adding type registration java.lang.Double -> org.hibernate.type.BasicTypeReference@7bf1f50a
2026-05-04T20:12:54.573-03:00 DEBUG 78226 --- [api-externa-backend] [restartedMain] org.hibernate.type.BasicTypeRegistry     : Adding type registration big_integer -> org.hibernate.type.BasicTypeReference@400caad4
2026-05-04T20:12:54.573-03:00 DEBUG 78226 --- [api-externa-backend] [restartedMain] org.hibernate.type.BasicTypeRegistry     : Adding type registration java.math.BigInteger -> org.hibernate.type.BasicTypeReference@400caad4
2026-05-04T20:12:54.573-03:00 DEBUG 78226 --- [api-externa-backend] [restartedMain] org.hibernate.type.BasicTypeRegistry     : Adding type registration big_decimal -> org.hibernate.type.BasicTypeReference@1f9324ba
2026-05-04T20:12:54.573-03:00 DEBUG 78226 --- [api-externa-backend] [restartedMain] org.hibernate.type.BasicTypeRegistry     : Adding type registration java.math.BigDecimal -> org.hibernate.type.BasicTypeReference@1f9324ba
2026-05-04T20:12:54.573-03:00 DEBUG 78226 --- [api-externa-backend] [restartedMain] org.hibernate.type.BasicTypeRegistry     : Adding type registration character -> org.hibernate.type.BasicTypeReference@7cbe030c
2026-05-04T20:12:54.574-03:00 DEBUG 78226 --- [api-externa-backend] [restartedMain] org.hibernate.type.BasicTypeRegistry     : Adding type registration char -> org.hibernate.type.BasicTypeReference@7cbe030c
2026-05-04T20:12:54.574-03:00 DEBUG 78226 --- [api-externa-backend] [restartedMain] org.hibernate.type.BasicTypeRegistry     : Adding type registration java.lang.Character -> org.hibernate.type.BasicTypeReference@7cbe030c
2026-05-04T20:12:54.574-03:00 DEBUG 78226 --- [api-externa-backend] [restartedMain] org.hibernate.type.BasicTypeRegistry     : Adding type registration character_nchar -> org.hibernate.type.BasicTypeReference@813f034
2026-05-04T20:12:54.574-03:00 DEBUG 78226 --- [api-externa-backend] [restartedMain] org.hibernate.type.BasicTypeRegistry     : Adding type registration string -> org.hibernate.type.BasicTypeReference@2d6cb1e8
2026-05-04T20:12:54.574-03:00 DEBUG 78226 --- [api-externa-backend] [restartedMain] org.hibernate.type.BasicTypeRegistry     : Adding type registration java.lang.String -> org.hibernate.type.BasicTypeReference@2d6cb1e8
2026-05-04T20:12:54.574-03:00 DEBUG 78226 --- [api-externa-backend] [restartedMain] org.hibernate.type.BasicTypeRegistry     : Adding type registration nstring -> org.hibernate.type.BasicTypeReference@2bdce60b
2026-05-04T20:12:54.574-03:00 DEBUG 78226 --- [api-externa-backend] [restartedMain] org.hibernate.type.BasicTypeRegistry     : Adding type registration characters -> org.hibernate.type.BasicTypeReference@27f6361f
2026-05-04T20:12:54.574-03:00 DEBUG 78226 --- [api-externa-backend] [restartedMain] org.hibernate.type.BasicTypeRegistry     : Adding type registration char[] -> org.hibernate.type.BasicTypeReference@27f6361f
2026-05-04T20:12:54.574-03:00 DEBUG 78226 --- [api-externa-backend] [restartedMain] org.hibernate.type.BasicTypeRegistry     : Adding type registration [C -> org.hibernate.type.BasicTypeReference@27f6361f
2026-05-04T20:12:54.574-03:00 DEBUG 78226 --- [api-externa-backend] [restartedMain] org.hibernate.type.BasicTypeRegistry     : Adding type registration wrapper-characters -> org.hibernate.type.BasicTypeReference@3073f085
2026-05-04T20:12:54.574-03:00 DEBUG 78226 --- [api-externa-backend] [restartedMain] org.hibernate.type.BasicTypeRegistry     : Adding type registration text -> org.hibernate.type.BasicTypeReference@7858e492
2026-05-04T20:12:54.574-03:00 DEBUG 78226 --- [api-externa-backend] [restartedMain] org.hibernate.type.BasicTypeRegistry     : Adding type registration ntext -> org.hibernate.type.BasicTypeReference@34f8a92c
2026-05-04T20:12:54.574-03:00 DEBUG 78226 --- [api-externa-backend] [restartedMain] org.hibernate.type.BasicTypeRegistry     : Adding type registration clob -> org.hibernate.type.BasicTypeReference@22283762
2026-05-04T20:12:54.574-03:00 DEBUG 78226 --- [api-externa-backend] [restartedMain] org.hibernate.type.BasicTypeRegistry     : Adding type registration java.sql.Clob -> org.hibernate.type.BasicTypeReference@22283762
2026-05-04T20:12:54.574-03:00 DEBUG 78226 --- [api-externa-backend] [restartedMain] org.hibernate.type.BasicTypeRegistry     : Adding type registration nclob -> org.hibernate.type.BasicTypeReference@d701c7a
2026-05-04T20:12:54.574-03:00 DEBUG 78226 --- [api-externa-backend] [restartedMain] org.hibernate.type.BasicTypeRegistry     : Adding type registration java.sql.NClob -> org.hibernate.type.BasicTypeReference@d701c7a
2026-05-04T20:12:54.574-03:00 DEBUG 78226 --- [api-externa-backend] [restartedMain] org.hibernate.type.BasicTypeRegistry     : Adding type registration materialized_clob -> org.hibernate.type.BasicTypeReference@32330532
2026-05-04T20:12:54.574-03:00 DEBUG 78226 --- [api-externa-backend] [restartedMain] org.hibernate.type.BasicTypeRegistry     : Adding type registration materialized_clob_char_array -> org.hibernate.type.BasicTypeReference@43f36b91
2026-05-04T20:12:54.574-03:00 DEBUG 78226 --- [api-externa-backend] [restartedMain] org.hibernate.type.BasicTypeRegistry     : Adding type registration materialized_clob_character_array -> org.hibernate.type.BasicTypeReference@2003c7aa
2026-05-04T20:12:54.574-03:00 DEBUG 78226 --- [api-externa-backend] [restartedMain] org.hibernate.type.BasicTypeRegistry     : Adding type registration materialized_nclob -> org.hibernate.type.BasicTypeReference@2d9d8c1c
2026-05-04T20:12:54.574-03:00 DEBUG 78226 --- [api-externa-backend] [restartedMain] org.hibernate.type.BasicTypeRegistry     : Adding type registration materialized_nclob_character_array -> org.hibernate.type.BasicTypeReference@7ad1608
2026-05-04T20:12:54.574-03:00 DEBUG 78226 --- [api-externa-backend] [restartedMain] org.hibernate.type.BasicTypeRegistry     : Adding type registration materialized_nclob_char_array -> org.hibernate.type.BasicTypeReference@5f5a4a8f
2026-05-04T20:12:54.574-03:00 DEBUG 78226 --- [api-externa-backend] [restartedMain] org.hibernate.type.BasicTypeRegistry     : Adding type registration Duration -> org.hibernate.type.BasicTypeReference@61daf859
2026-05-04T20:12:54.574-03:00 DEBUG 78226 --- [api-externa-backend] [restartedMain] org.hibernate.type.BasicTypeRegistry     : Adding type registration java.time.Duration -> org.hibernate.type.BasicTypeReference@61daf859
2026-05-04T20:12:54.574-03:00 DEBUG 78226 --- [api-externa-backend] [restartedMain] org.hibernate.type.BasicTypeRegistry     : Adding type registration LocalDateTime -> org.hibernate.type.BasicTypeReference@20666512
2026-05-04T20:12:54.574-03:00 DEBUG 78226 --- [api-externa-backend] [restartedMain] org.hibernate.type.BasicTypeRegistry     : Adding type registration java.time.LocalDateTime -> org.hibernate.type.BasicTypeReference@20666512
2026-05-04T20:12:54.574-03:00 DEBUG 78226 --- [api-externa-backend] [restartedMain] org.hibernate.type.BasicTypeRegistry     : Adding type registration LocalDate -> org.hibernate.type.BasicTypeReference@4f942a40
2026-05-04T20:12:54.574-03:00 DEBUG 78226 --- [api-externa-backend] [restartedMain] org.hibernate.type.BasicTypeRegistry     : Adding type registration java.time.LocalDate -> org.hibernate.type.BasicTypeReference@4f942a40
2026-05-04T20:12:54.574-03:00 DEBUG 78226 --- [api-externa-backend] [restartedMain] org.hibernate.type.BasicTypeRegistry     : Adding type registration LocalTime -> org.hibernate.type.BasicTypeReference@42970f0f
2026-05-04T20:12:54.574-03:00 DEBUG 78226 --- [api-externa-backend] [restartedMain] org.hibernate.type.BasicTypeRegistry     : Adding type registration java.time.LocalTime -> org.hibernate.type.BasicTypeReference@42970f0f
2026-05-04T20:12:54.574-03:00 DEBUG 78226 --- [api-externa-backend] [restartedMain] org.hibernate.type.BasicTypeRegistry     : Adding type registration OffsetDateTime -> org.hibernate.type.BasicTypeReference@74393f34
2026-05-04T20:12:54.574-03:00 DEBUG 78226 --- [api-externa-backend] [restartedMain] org.hibernate.type.BasicTypeRegistry     : Adding type registration java.time.OffsetDateTime -> org.hibernate.type.BasicTypeReference@74393f34
2026-05-04T20:12:54.574-03:00 DEBUG 78226 --- [api-externa-backend] [restartedMain] org.hibernate.type.BasicTypeRegistry     : Adding type registration OffsetDateTimeWithTimezone -> org.hibernate.type.BasicTypeReference@67648a54
2026-05-04T20:12:54.574-03:00 DEBUG 78226 --- [api-externa-backend] [restartedMain] org.hibernate.type.BasicTypeRegistry     : Adding type registration OffsetDateTimeWithoutTimezone -> org.hibernate.type.BasicTypeReference@9cc6ad2
2026-05-04T20:12:54.574-03:00 DEBUG 78226 --- [api-externa-backend] [restartedMain] org.hibernate.type.BasicTypeRegistry     : Adding type registration OffsetTime -> org.hibernate.type.BasicTypeReference@7359f393
2026-05-04T20:12:54.574-03:00 DEBUG 78226 --- [api-externa-backend] [restartedMain] org.hibernate.type.BasicTypeRegistry     : Adding type registration java.time.OffsetTime -> org.hibernate.type.BasicTypeReference@7359f393
2026-05-04T20:12:54.574-03:00 DEBUG 78226 --- [api-externa-backend] [restartedMain] org.hibernate.type.BasicTypeRegistry     : Adding type registration OffsetTimeUtc -> org.hibernate.type.BasicTypeReference@4e24a253
2026-05-04T20:12:54.575-03:00 DEBUG 78226 --- [api-externa-backend] [restartedMain] org.hibernate.type.BasicTypeRegistry     : Adding type registration OffsetTimeWithTimezone -> org.hibernate.type.BasicTypeReference@d51a7e9
2026-05-04T20:12:54.575-03:00 DEBUG 78226 --- [api-externa-backend] [restartedMain] org.hibernate.type.BasicTypeRegistry     : Adding type registration OffsetTimeWithoutTimezone -> org.hibernate.type.BasicTypeReference@67a1d66b
2026-05-04T20:12:54.575-03:00 DEBUG 78226 --- [api-externa-backend] [restartedMain] org.hibernate.type.BasicTypeRegistry     : Adding type registration ZonedDateTime -> org.hibernate.type.BasicTypeReference@5bd86467
2026-05-04T20:12:54.575-03:00 DEBUG 78226 --- [api-externa-backend] [restartedMain] org.hibernate.type.BasicTypeRegistry     : Adding type registration java.time.ZonedDateTime -> org.hibernate.type.BasicTypeReference@5bd86467
2026-05-04T20:12:54.575-03:00 DEBUG 78226 --- [api-externa-backend] [restartedMain] org.hibernate.type.BasicTypeRegistry     : Adding type registration ZonedDateTimeWithTimezone -> org.hibernate.type.BasicTypeReference@30056375
2026-05-04T20:12:54.575-03:00 DEBUG 78226 --- [api-externa-backend] [restartedMain] org.hibernate.type.BasicTypeRegistry     : Adding type registration ZonedDateTimeWithoutTimezone -> org.hibernate.type.BasicTypeReference@306bf473
2026-05-04T20:12:54.575-03:00 DEBUG 78226 --- [api-externa-backend] [restartedMain] org.hibernate.type.BasicTypeRegistry     : Adding type registration date -> org.hibernate.type.BasicTypeReference@59907e9b
2026-05-04T20:12:54.575-03:00 DEBUG 78226 --- [api-externa-backend] [restartedMain] org.hibernate.type.BasicTypeRegistry     : Adding type registration java.sql.Date -> org.hibernate.type.BasicTypeReference@59907e9b
2026-05-04T20:12:54.575-03:00 DEBUG 78226 --- [api-externa-backend] [restartedMain] org.hibernate.type.BasicTypeRegistry     : Adding type registration time -> org.hibernate.type.BasicTypeReference@41f3d292
2026-05-04T20:12:54.575-03:00 DEBUG 78226 --- [api-externa-backend] [restartedMain] org.hibernate.type.BasicTypeRegistry     : Adding type registration java.sql.Time -> org.hibernate.type.BasicTypeReference@41f3d292
2026-05-04T20:12:54.575-03:00 DEBUG 78226 --- [api-externa-backend] [restartedMain] org.hibernate.type.BasicTypeRegistry     : Adding type registration timestamp -> org.hibernate.type.BasicTypeReference@5a761f12
2026-05-04T20:12:54.575-03:00 DEBUG 78226 --- [api-externa-backend] [restartedMain] org.hibernate.type.BasicTypeRegistry     : Adding type registration java.sql.Timestamp -> org.hibernate.type.BasicTypeReference@5a761f12
2026-05-04T20:12:54.575-03:00 DEBUG 78226 --- [api-externa-backend] [restartedMain] org.hibernate.type.BasicTypeRegistry     : Adding type registration java.util.Date -> org.hibernate.type.BasicTypeReference@5a761f12
2026-05-04T20:12:54.575-03:00 DEBUG 78226 --- [api-externa-backend] [restartedMain] org.hibernate.type.BasicTypeRegistry     : Adding type registration calendar -> org.hibernate.type.BasicTypeReference@3551b043
2026-05-04T20:12:54.575-03:00 DEBUG 78226 --- [api-externa-backend] [restartedMain] org.hibernate.type.BasicTypeRegistry     : Adding type registration java.util.Calendar -> org.hibernate.type.BasicTypeReference@3551b043
2026-05-04T20:12:54.575-03:00 DEBUG 78226 --- [api-externa-backend] [restartedMain] org.hibernate.type.BasicTypeRegistry     : Adding type registration java.util.GregorianCalendar -> org.hibernate.type.BasicTypeReference@3551b043
2026-05-04T20:12:54.575-03:00 DEBUG 78226 --- [api-externa-backend] [restartedMain] org.hibernate.type.BasicTypeRegistry     : Adding type registration calendar_date -> org.hibernate.type.BasicTypeReference@6fef64d4
2026-05-04T20:12:54.575-03:00 DEBUG 78226 --- [api-externa-backend] [restartedMain] org.hibernate.type.BasicTypeRegistry     : Adding type registration calendar_time -> org.hibernate.type.BasicTypeReference@30d74cf9
2026-05-04T20:12:54.575-03:00 DEBUG 78226 --- [api-externa-backend] [restartedMain] org.hibernate.type.BasicTypeRegistry     : Adding type registration instant -> org.hibernate.type.BasicTypeReference@5ab34b7e
2026-05-04T20:12:54.575-03:00 DEBUG 78226 --- [api-externa-backend] [restartedMain] org.hibernate.type.BasicTypeRegistry     : Adding type registration java.time.Instant -> org.hibernate.type.BasicTypeReference@5ab34b7e
2026-05-04T20:12:54.575-03:00 DEBUG 78226 --- [api-externa-backend] [restartedMain] org.hibernate.type.BasicTypeRegistry     : Adding type registration uuid -> org.hibernate.type.BasicTypeReference@62582bc3
2026-05-04T20:12:54.575-03:00 DEBUG 78226 --- [api-externa-backend] [restartedMain] org.hibernate.type.BasicTypeRegistry     : Adding type registration java.util.UUID -> org.hibernate.type.BasicTypeReference@62582bc3
2026-05-04T20:12:54.575-03:00 DEBUG 78226 --- [api-externa-backend] [restartedMain] org.hibernate.type.BasicTypeRegistry     : Adding type registration pg-uuid -> org.hibernate.type.BasicTypeReference@62582bc3
2026-05-04T20:12:54.575-03:00 DEBUG 78226 --- [api-externa-backend] [restartedMain] org.hibernate.type.BasicTypeRegistry     : Adding type registration uuid-binary -> org.hibernate.type.BasicTypeReference@76853a98
2026-05-04T20:12:54.575-03:00 DEBUG 78226 --- [api-externa-backend] [restartedMain] org.hibernate.type.BasicTypeRegistry     : Adding type registration uuid-char -> org.hibernate.type.BasicTypeReference@7cbf1035
2026-05-04T20:12:54.575-03:00 DEBUG 78226 --- [api-externa-backend] [restartedMain] org.hibernate.type.BasicTypeRegistry     : Adding type registration class -> org.hibernate.type.BasicTypeReference@3c174c67
2026-05-04T20:12:54.575-03:00 DEBUG 78226 --- [api-externa-backend] [restartedMain] org.hibernate.type.BasicTypeRegistry     : Adding type registration java.lang.Class -> org.hibernate.type.BasicTypeReference@3c174c67
2026-05-04T20:12:54.575-03:00 DEBUG 78226 --- [api-externa-backend] [restartedMain] org.hibernate.type.BasicTypeRegistry     : Adding type registration currency -> org.hibernate.type.BasicTypeReference@1f327e15
2026-05-04T20:12:54.575-03:00 DEBUG 78226 --- [api-externa-backend] [restartedMain] org.hibernate.type.BasicTypeRegistry     : Adding type registration Currency -> org.hibernate.type.BasicTypeReference@1f327e15
2026-05-04T20:12:54.575-03:00 DEBUG 78226 --- [api-externa-backend] [restartedMain] org.hibernate.type.BasicTypeRegistry     : Adding type registration java.util.Currency -> org.hibernate.type.BasicTypeReference@1f327e15
2026-05-04T20:12:54.575-03:00 DEBUG 78226 --- [api-externa-backend] [restartedMain] org.hibernate.type.BasicTypeRegistry     : Adding type registration locale -> org.hibernate.type.BasicTypeReference@40bcd691
2026-05-04T20:12:54.575-03:00 DEBUG 78226 --- [api-externa-backend] [restartedMain] org.hibernate.type.BasicTypeRegistry     : Adding type registration java.util.Locale -> org.hibernate.type.BasicTypeReference@40bcd691
2026-05-04T20:12:54.575-03:00 DEBUG 78226 --- [api-externa-backend] [restartedMain] org.hibernate.type.BasicTypeRegistry     : Adding type registration serializable -> org.hibernate.type.BasicTypeReference@4406480b
2026-05-04T20:12:54.575-03:00 DEBUG 78226 --- [api-externa-backend] [restartedMain] org.hibernate.type.BasicTypeRegistry     : Adding type registration java.io.Serializable -> org.hibernate.type.BasicTypeReference@4406480b
2026-05-04T20:12:54.575-03:00 DEBUG 78226 --- [api-externa-backend] [restartedMain] org.hibernate.type.BasicTypeRegistry     : Adding type registration timezone -> org.hibernate.type.BasicTypeReference@42f44098
2026-05-04T20:12:54.575-03:00 DEBUG 78226 --- [api-externa-backend] [restartedMain] org.hibernate.type.BasicTypeRegistry     : Adding type registration java.util.TimeZone -> org.hibernate.type.BasicTypeReference@42f44098
2026-05-04T20:12:54.575-03:00 DEBUG 78226 --- [api-externa-backend] [restartedMain] org.hibernate.type.BasicTypeRegistry     : Adding type registration ZoneOffset -> org.hibernate.type.BasicTypeReference@4eba4c05
2026-05-04T20:12:54.575-03:00 DEBUG 78226 --- [api-externa-backend] [restartedMain] org.hibernate.type.BasicTypeRegistry     : Adding type registration java.time.ZoneOffset -> org.hibernate.type.BasicTypeReference@4eba4c05
2026-05-04T20:12:54.575-03:00 DEBUG 78226 --- [api-externa-backend] [restartedMain] org.hibernate.type.BasicTypeRegistry     : Adding type registration url -> org.hibernate.type.BasicTypeReference@6894131d
2026-05-04T20:12:54.575-03:00 DEBUG 78226 --- [api-externa-backend] [restartedMain] org.hibernate.type.BasicTypeRegistry     : Adding type registration java.net.URL -> org.hibernate.type.BasicTypeReference@6894131d
2026-05-04T20:12:54.575-03:00 DEBUG 78226 --- [api-externa-backend] [restartedMain] org.hibernate.type.BasicTypeRegistry     : Adding type registration vector -> org.hibernate.type.BasicTypeReference@1ea44814
2026-05-04T20:12:54.575-03:00 DEBUG 78226 --- [api-externa-backend] [restartedMain] org.hibernate.type.BasicTypeRegistry     : Adding type registration float_vector -> org.hibernate.type.BasicTypeReference@7e343bd8
2026-05-04T20:12:54.575-03:00 DEBUG 78226 --- [api-externa-backend] [restartedMain] org.hibernate.type.BasicTypeRegistry     : Adding type registration double_vector -> org.hibernate.type.BasicTypeReference@62728a7f
2026-05-04T20:12:54.575-03:00 DEBUG 78226 --- [api-externa-backend] [restartedMain] org.hibernate.type.BasicTypeRegistry     : Adding type registration byte_vector -> org.hibernate.type.BasicTypeReference@2ab661d7
2026-05-04T20:12:54.575-03:00 DEBUG 78226 --- [api-externa-backend] [restartedMain] org.hibernate.type.BasicTypeRegistry     : Adding type registration row_version -> org.hibernate.type.BasicTypeReference@166e687d
2026-05-04T20:12:54.575-03:00 DEBUG 78226 --- [api-externa-backend] [restartedMain] org.hibernate.type.BasicTypeRegistry     : Adding type registration object -> org.hibernate.type.JavaObjectType@22c2c52e
2026-05-04T20:12:54.575-03:00 DEBUG 78226 --- [api-externa-backend] [restartedMain] org.hibernate.type.BasicTypeRegistry     : Adding type registration java.lang.Object -> org.hibernate.type.JavaObjectType@22c2c52e
2026-05-04T20:12:54.575-03:00 DEBUG 78226 --- [api-externa-backend] [restartedMain] org.hibernate.type.BasicTypeRegistry     : Adding type registration null -> org.hibernate.type.NullType@6b1585aa
2026-05-04T20:12:54.575-03:00 DEBUG 78226 --- [api-externa-backend] [restartedMain] org.hibernate.type.BasicTypeRegistry     : Adding type registration imm_date -> org.hibernate.type.BasicTypeReference@856a563
2026-05-04T20:12:54.575-03:00 DEBUG 78226 --- [api-externa-backend] [restartedMain] org.hibernate.type.BasicTypeRegistry     : Adding type registration imm_time -> org.hibernate.type.BasicTypeReference@5341f974
2026-05-04T20:12:54.575-03:00 DEBUG 78226 --- [api-externa-backend] [restartedMain] org.hibernate.type.BasicTypeRegistry     : Adding type registration imm_timestamp -> org.hibernate.type.BasicTypeReference@7b2bd55f
2026-05-04T20:12:54.575-03:00 DEBUG 78226 --- [api-externa-backend] [restartedMain] org.hibernate.type.BasicTypeRegistry     : Adding type registration imm_calendar -> org.hibernate.type.BasicTypeReference@2129490a
2026-05-04T20:12:54.575-03:00 DEBUG 78226 --- [api-externa-backend] [restartedMain] org.hibernate.type.BasicTypeRegistry     : Adding type registration imm_calendar_date -> org.hibernate.type.BasicTypeReference@1ce99df1
2026-05-04T20:12:54.575-03:00 DEBUG 78226 --- [api-externa-backend] [restartedMain] org.hibernate.type.BasicTypeRegistry     : Adding type registration imm_calendar_time -> org.hibernate.type.BasicTypeReference@40bf4d41
2026-05-04T20:12:54.575-03:00 DEBUG 78226 --- [api-externa-backend] [restartedMain] org.hibernate.type.BasicTypeRegistry     : Adding type registration imm_binary -> org.hibernate.type.BasicTypeReference@651bf924
2026-05-04T20:12:54.575-03:00 DEBUG 78226 --- [api-externa-backend] [restartedMain] org.hibernate.type.BasicTypeRegistry     : Adding type registration imm_serializable -> org.hibernate.type.BasicTypeReference@e919d94
2026-05-04T20:12:54.586-03:00  INFO 78226 --- [api-externa-backend] [restartedMain] o.s.o.j.p.SpringPersistenceUnitInfo      : No LoadTimeWeaver setup: ignoring JPA class transformer
2026-05-04T20:12:54.586-03:00  INFO 78226 --- [api-externa-backend] [restartedMain] org.hibernate.orm.connections.pooling    : HHH10001005: Database info:
	Database JDBC URL [Connecting through datasource 'HikariDataSource (HikariPool-2)']
	Database driver: undefined/unknown
	Database version: 2.3.232
	Autocommit mode: undefined/unknown
	Isolation level: undefined/unknown
	Minimum pool size: undefined/unknown
	Maximum pool size: undefined/unknown
2026-05-04T20:12:54.586-03:00 DEBUG 78226 --- [api-externa-backend] [restartedMain] o.h.t.d.jdbc.spi.JdbcTypeRegistry        : addDescriptor(NCharTypeDescriptor) replaced previous registration(CharTypeDescriptor)
2026-05-04T20:12:54.586-03:00 DEBUG 78226 --- [api-externa-backend] [restartedMain] o.h.t.d.jdbc.spi.JdbcTypeRegistry        : addDescriptor(NVarcharTypeDescriptor) replaced previous registration(VarcharTypeDescriptor)
2026-05-04T20:12:54.586-03:00 DEBUG 78226 --- [api-externa-backend] [restartedMain] o.h.t.d.jdbc.spi.JdbcTypeRegistry        : addDescriptor(LongNVarcharTypeDescriptor) replaced previous registration(LongVarcharTypeDescriptor)
2026-05-04T20:12:54.586-03:00 DEBUG 78226 --- [api-externa-backend] [restartedMain] o.h.t.d.jdbc.spi.JdbcTypeRegistry        : addDescriptor(NClobTypeDescriptor(DEFAULT)) replaced previous registration(ClobTypeDescriptor(DEFAULT))
2026-05-04T20:12:54.586-03:00 DEBUG 78226 --- [api-externa-backend] [restartedMain] o.h.t.d.jdbc.spi.JdbcTypeRegistry        : addDescriptor(TimestampUtcDescriptor) replaced previous registration(TimestampUtcDescriptor)
2026-05-04T20:12:54.587-03:00 DEBUG 78226 --- [api-externa-backend] [restartedMain] org.hibernate.type.BasicTypeRegistry     : Adding type registration org.hibernate.type.DurationType -> basicType@20(java.time.Duration,3015)
2026-05-04T20:12:54.587-03:00 DEBUG 78226 --- [api-externa-backend] [restartedMain] org.hibernate.type.BasicTypeRegistry     : Adding type registration Duration -> basicType@20(java.time.Duration,3015)
2026-05-04T20:12:54.587-03:00 DEBUG 78226 --- [api-externa-backend] [restartedMain] org.hibernate.type.BasicTypeRegistry     : Adding type registration java.time.Duration -> basicType@20(java.time.Duration,3015)
2026-05-04T20:12:54.587-03:00 DEBUG 78226 --- [api-externa-backend] [restartedMain] o.h.type.spi.TypeConfiguration$Scope     : Scoping TypeConfiguration [org.hibernate.type.spi.TypeConfiguration@4bbb6978] to MetadataBuildingContext [org.hibernate.boot.internal.MetadataBuildingContextRootImpl@6e3ec9b3]
2026-05-04T20:12:54.621-03:00  INFO 78226 --- [api-externa-backend] [restartedMain] o.h.e.t.j.p.i.JtaPlatformInitiator       : HHH000489: No JTA platform available (set 'hibernate.transaction.jta.platform' to enable JTA platform integration)
2026-05-04T20:12:54.621-03:00 DEBUG 78226 --- [api-externa-backend] [restartedMain] o.h.type.spi.TypeConfiguration$Scope     : Scoping TypeConfiguration [org.hibernate.type.spi.TypeConfiguration@4bbb6978] to SessionFactoryImplementor [org.hibernate.internal.SessionFactoryImpl@7682fcd3]
2026-05-04T20:12:54.621-03:00 DEBUG 78226 --- [api-externa-backend] [restartedMain] org.hibernate.SQL                        : 
    drop table if exists tb_acao cascade 
2026-05-04T20:12:54.621-03:00 DEBUG 78226 --- [api-externa-backend] [restartedMain] org.hibernate.SQL                        : 
    drop table if exists tb_corretora cascade 
2026-05-04T20:12:54.621-03:00 DEBUG 78226 --- [api-externa-backend] [restartedMain] org.hibernate.SQL                        : 
    drop sequence if exists seq_acao
2026-05-04T20:12:54.621-03:00 DEBUG 78226 --- [api-externa-backend] [restartedMain] org.hibernate.SQL                        : 
    drop sequence if exists seq_corretora
2026-05-04T20:12:54.622-03:00 DEBUG 78226 --- [api-externa-backend] [restartedMain] org.hibernate.SQL                        : 
    create sequence seq_acao start with 1 increment by 1
2026-05-04T20:12:54.622-03:00 DEBUG 78226 --- [api-externa-backend] [restartedMain] org.hibernate.SQL                        : 
    create sequence seq_corretora start with 1 increment by 1
2026-05-04T20:12:54.622-03:00 DEBUG 78226 --- [api-externa-backend] [restartedMain] org.hibernate.SQL                        : 
    create table tb_acao (
        cotacao_atual numeric(19,4),
        data_hora_cotacao timestamp(6),
        id bigint not null,
        mercado varchar(255) not null,
        moeda varchar(255) not null,
        nome_empresa varchar(255),
        ticker varchar(255) not null unique,
        primary key (id)
    )
2026-05-04T20:12:54.623-03:00 DEBUG 78226 --- [api-externa-backend] [restartedMain] org.hibernate.SQL                        : 
    create table tb_corretora (
        uf varchar(2),
        validada_na_cvm boolean not null,
        cep varchar(8),
        data_cadastro timestamp(6) not null,
        id bigint not null,
        numero varchar(10),
        cnpj varchar(14) not null unique,
        situacao_cadastral varchar(30),
        telefone varchar(30),
        bairro varchar(50),
        cidade varchar(50),
        complemento varchar(100),
        email varchar(100),
        logradouro varchar(100),
        nome_fantasia varchar(100),
        razao_social varchar(100) not null,
        primary key (id)
    )
2026-05-04T20:12:54.625-03:00 TRACE 78226 --- [api-externa-backend] [restartedMain] o.h.type.spi.TypeConfiguration$Scope     : Handling #sessionFactoryCreated from [org.hibernate.internal.SessionFactoryImpl@7682fcd3] for TypeConfiguration
2026-05-04T20:12:54.625-03:00  INFO 78226 --- [api-externa-backend] [restartedMain] j.LocalContainerEntityManagerFactoryBean : Initialized JPA EntityManagerFactory for persistence unit 'default'
2026-05-04T20:12:54.642-03:00  WARN 78226 --- [api-externa-backend] [restartedMain] JpaBaseConfiguration$JpaWebConfiguration : spring.jpa.open-in-view is enabled by default. Therefore, database queries may be performed during view rendering. Explicitly configure spring.jpa.open-in-view to disable this warning
2026-05-04T20:12:54.649-03:00  INFO 78226 --- [api-externa-backend] [restartedMain] o.s.b.d.a.OptionalLiveReloadServer       : LiveReload server is running on port 35729
2026-05-04T20:12:54.738-03:00  INFO 78226 --- [api-externa-backend] [restartedMain] o.s.b.a.h2.H2ConsoleAutoConfiguration    : H2 console available at '/h2-console'. Database available at 'jdbc:h2:mem:cursodb'
2026-05-04T20:12:54.757-03:00  INFO 78226 --- [api-externa-backend] [restartedMain] o.s.b.w.embedded.tomcat.TomcatWebServer  : Tomcat started on port 8080 (http) with context path '/'
2026-05-04T20:12:54.761-03:00  INFO 78226 --- [api-externa-backend] [restartedMain] com.ApiExternaBackendApplication         : Started ApiExternaBackendApplication in 0.415 seconds (process running for 26.979)
2026-05-04T20:12:54.762-03:00  INFO 78226 --- [api-externa-backend] [restartedMain] .ConditionEvaluationDeltaLoggingListener : Condition evaluation unchanged
2026-05-04T20:18:01.576-03:00  INFO 78226 --- [api-externa-backend] [File Watcher] rtingClassPathChangeChangedEventListener : Restarting due to 1 class path change (0 additions, 0 deletions, 1 modification)
2026-05-04T20:18:01.587-03:00  INFO 78226 --- [api-externa-backend] [Thread-9] o.s.b.w.e.tomcat.GracefulShutdown        : Commencing graceful shutdown. Waiting for active requests to complete
2026-05-04T20:18:01.591-03:00  INFO 78226 --- [api-externa-backend] [tomcat-shutdown] o.s.b.w.e.tomcat.GracefulShutdown        : Graceful shutdown complete
2026-05-04T20:18:01.596-03:00  INFO 78226 --- [api-externa-backend] [Thread-9] j.LocalContainerEntityManagerFactoryBean : Closing JPA EntityManagerFactory for persistence unit 'default'
2026-05-04T20:18:01.597-03:00 DEBUG 78226 --- [api-externa-backend] [Thread-9] org.hibernate.SQL                        : 
    drop table if exists tb_acao cascade 
2026-05-04T20:18:01.600-03:00 DEBUG 78226 --- [api-externa-backend] [Thread-9] org.hibernate.SQL                        : 
    drop table if exists tb_corretora cascade 
2026-05-04T20:18:01.600-03:00 DEBUG 78226 --- [api-externa-backend] [Thread-9] org.hibernate.SQL                        : 
    drop sequence if exists seq_acao
2026-05-04T20:18:01.600-03:00 DEBUG 78226 --- [api-externa-backend] [Thread-9] org.hibernate.SQL                        : 
    drop sequence if exists seq_corretora
2026-05-04T20:18:01.601-03:00 TRACE 78226 --- [api-externa-backend] [Thread-9] o.h.type.spi.TypeConfiguration$Scope     : Handling #sessionFactoryClosed from [org.hibernate.internal.SessionFactoryImpl@7682fcd3] for TypeConfiguration
2026-05-04T20:18:01.601-03:00 DEBUG 78226 --- [api-externa-backend] [Thread-9] o.h.type.spi.TypeConfiguration$Scope     : Un-scoping TypeConfiguration [org.hibernate.type.spi.TypeConfiguration$Scope@57a42718] from SessionFactory [org.hibernate.internal.SessionFactoryImpl@7682fcd3]
2026-05-04T20:18:01.602-03:00  WARN 78226 --- [api-externa-backend] [Thread-9] o.s.b.f.support.DisposableBeanAdapter    : Invocation of destroy method failed on bean with name 'inMemoryDatabaseShutdownExecutor': org.h2.jdbc.JdbcSQLNonTransientConnectionException: Database is already closed (to disable automatic closing at VM shutdown, add ";DB_CLOSE_ON_EXIT=FALSE" to the db URL) [90121-232]
2026-05-04T20:18:01.602-03:00  INFO 78226 --- [api-externa-backend] [Thread-9] com.zaxxer.hikari.HikariDataSource       : HikariPool-2 - Shutdown initiated...
2026-05-04T20:18:01.603-03:00  INFO 78226 --- [api-externa-backend] [Thread-9] com.zaxxer.hikari.HikariDataSource       : HikariPool-2 - Shutdown completed.
2026-05-04T20:18:01.661-03:00  INFO 78226 --- [api-externa-backend] [restartedMain] com.ApiExternaBackendApplication         : Starting ApiExternaBackendApplication using Java 17.0.16 with PID 78226 (/Users/lucas/Documents/Programacao/Spring/api-externa-backend/target/classes started by lucas in /Users/lucas/Documents/Programacao/Spring/api-externa-backend)
2026-05-04T20:18:01.661-03:00  INFO 78226 --- [api-externa-backend] [restartedMain] com.ApiExternaBackendApplication         : The following 1 profile is active: "test"
2026-05-04T20:18:01.789-03:00  INFO 78226 --- [api-externa-backend] [restartedMain] .s.d.r.c.RepositoryConfigurationDelegate : Bootstrapping Spring Data JPA repositories in DEFAULT mode.
2026-05-04T20:18:01.804-03:00  INFO 78226 --- [api-externa-backend] [restartedMain] .s.d.r.c.RepositoryConfigurationDelegate : Finished Spring Data repository scanning in 13 ms. Found 2 JPA repository interfaces.
2026-05-04T20:18:01.816-03:00  INFO 78226 --- [api-externa-backend] [restartedMain] o.s.cloud.context.scope.GenericScope     : BeanFactory id=94ec2bbb-6b48-336a-a5b1-3dab0d29d059
2026-05-04T20:18:01.848-03:00  INFO 78226 --- [api-externa-backend] [restartedMain] o.s.b.w.embedded.tomcat.TomcatWebServer  : Tomcat initialized with port 8080 (http)
2026-05-04T20:18:01.848-03:00  INFO 78226 --- [api-externa-backend] [restartedMain] o.apache.catalina.core.StandardService   : Starting service [Tomcat]
2026-05-04T20:18:01.849-03:00  INFO 78226 --- [api-externa-backend] [restartedMain] o.apache.catalina.core.StandardEngine    : Starting Servlet engine: [Apache Tomcat/10.1.40]
2026-05-04T20:18:01.856-03:00  INFO 78226 --- [api-externa-backend] [restartedMain] o.a.c.c.C.[Tomcat].[localhost].[/]       : Initializing Spring embedded WebApplicationContext
2026-05-04T20:18:01.856-03:00  INFO 78226 --- [api-externa-backend] [restartedMain] w.s.c.ServletWebServerApplicationContext : Root WebApplicationContext: initialization completed in 194 ms
2026-05-04T20:18:01.871-03:00  INFO 78226 --- [api-externa-backend] [restartedMain] com.zaxxer.hikari.HikariDataSource       : HikariPool-3 - Starting...
2026-05-04T20:18:01.872-03:00  INFO 78226 --- [api-externa-backend] [restartedMain] com.zaxxer.hikari.pool.HikariPool        : HikariPool-3 - Added connection conn20: url=jdbc:h2:mem:cursodb user=SA
2026-05-04T20:18:01.872-03:00  INFO 78226 --- [api-externa-backend] [restartedMain] com.zaxxer.hikari.HikariDataSource       : HikariPool-3 - Start completed.
2026-05-04T20:18:01.872-03:00  INFO 78226 --- [api-externa-backend] [restartedMain] o.hibernate.jpa.internal.util.LogHelper  : HHH000204: Processing PersistenceUnitInfo [name: default]
2026-05-04T20:18:01.873-03:00  INFO 78226 --- [api-externa-backend] [restartedMain] o.h.c.internal.RegionFactoryInitiator    : HHH000026: Second-level cache disabled
2026-05-04T20:18:01.873-03:00 DEBUG 78226 --- [api-externa-backend] [restartedMain] org.hibernate.type.BasicTypeRegistry     : Adding type registration boolean -> org.hibernate.type.BasicTypeReference@52add362
2026-05-04T20:18:01.873-03:00 DEBUG 78226 --- [api-externa-backend] [restartedMain] org.hibernate.type.BasicTypeRegistry     : Adding type registration boolean -> org.hibernate.type.BasicTypeReference@52add362
2026-05-04T20:18:01.873-03:00 DEBUG 78226 --- [api-externa-backend] [restartedMain] org.hibernate.type.BasicTypeRegistry     : Adding type registration java.lang.Boolean -> org.hibernate.type.BasicTypeReference@52add362
2026-05-04T20:18:01.873-03:00 DEBUG 78226 --- [api-externa-backend] [restartedMain] org.hibernate.type.BasicTypeRegistry     : Adding type registration numeric_boolean -> org.hibernate.type.BasicTypeReference@edbb4c2
2026-05-04T20:18:01.873-03:00 DEBUG 78226 --- [api-externa-backend] [restartedMain] org.hibernate.type.BasicTypeRegistry     : Adding type registration org.hibernate.type.NumericBooleanConverter -> org.hibernate.type.BasicTypeReference@edbb4c2
2026-05-04T20:18:01.873-03:00 DEBUG 78226 --- [api-externa-backend] [restartedMain] org.hibernate.type.BasicTypeRegistry     : Adding type registration true_false -> org.hibernate.type.BasicTypeReference@3d3c1a1e
2026-05-04T20:18:01.873-03:00 DEBUG 78226 --- [api-externa-backend] [restartedMain] org.hibernate.type.BasicTypeRegistry     : Adding type registration org.hibernate.type.TrueFalseConverter -> org.hibernate.type.BasicTypeReference@3d3c1a1e
2026-05-04T20:18:01.873-03:00 DEBUG 78226 --- [api-externa-backend] [restartedMain] org.hibernate.type.BasicTypeRegistry     : Adding type registration yes_no -> org.hibernate.type.BasicTypeReference@7c69ac44
2026-05-04T20:18:01.873-03:00 DEBUG 78226 --- [api-externa-backend] [restartedMain] org.hibernate.type.BasicTypeRegistry     : Adding type registration org.hibernate.type.YesNoConverter -> org.hibernate.type.BasicTypeReference@7c69ac44
2026-05-04T20:18:01.873-03:00 DEBUG 78226 --- [api-externa-backend] [restartedMain] org.hibernate.type.BasicTypeRegistry     : Adding type registration byte -> org.hibernate.type.BasicTypeReference@40e34668
2026-05-04T20:18:01.873-03:00 DEBUG 78226 --- [api-externa-backend] [restartedMain] org.hibernate.type.BasicTypeRegistry     : Adding type registration byte -> org.hibernate.type.BasicTypeReference@40e34668
2026-05-04T20:18:01.873-03:00 DEBUG 78226 --- [api-externa-backend] [restartedMain] org.hibernate.type.BasicTypeRegistry     : Adding type registration java.lang.Byte -> org.hibernate.type.BasicTypeReference@40e34668
2026-05-04T20:18:01.873-03:00 DEBUG 78226 --- [api-externa-backend] [restartedMain] org.hibernate.type.BasicTypeRegistry     : Adding type registration binary -> org.hibernate.type.BasicTypeReference@13cd9712
2026-05-04T20:18:01.873-03:00 DEBUG 78226 --- [api-externa-backend] [restartedMain] org.hibernate.type.BasicTypeRegistry     : Adding type registration byte[] -> org.hibernate.type.BasicTypeReference@13cd9712
2026-05-04T20:18:01.873-03:00 DEBUG 78226 --- [api-externa-backend] [restartedMain] org.hibernate.type.BasicTypeRegistry     : Adding type registration [B -> org.hibernate.type.BasicTypeReference@13cd9712
2026-05-04T20:18:01.873-03:00 DEBUG 78226 --- [api-externa-backend] [restartedMain] org.hibernate.type.BasicTypeRegistry     : Adding type registration binary_wrapper -> org.hibernate.type.BasicTypeReference@254cd40e
2026-05-04T20:18:01.873-03:00 DEBUG 78226 --- [api-externa-backend] [restartedMain] org.hibernate.type.BasicTypeRegistry     : Adding type registration wrapper-binary -> org.hibernate.type.BasicTypeReference@254cd40e
2026-05-04T20:18:01.873-03:00 DEBUG 78226 --- [api-externa-backend] [restartedMain] org.hibernate.type.BasicTypeRegistry     : Adding type registration image -> org.hibernate.type.BasicTypeReference@5a46b2b2
2026-05-04T20:18:01.873-03:00 DEBUG 78226 --- [api-externa-backend] [restartedMain] org.hibernate.type.BasicTypeRegistry     : Adding type registration blob -> org.hibernate.type.BasicTypeReference@700c220e
2026-05-04T20:18:01.873-03:00 DEBUG 78226 --- [api-externa-backend] [restartedMain] org.hibernate.type.BasicTypeRegistry     : Adding type registration java.sql.Blob -> org.hibernate.type.BasicTypeReference@700c220e
2026-05-04T20:18:01.873-03:00 DEBUG 78226 --- [api-externa-backend] [restartedMain] org.hibernate.type.BasicTypeRegistry     : Adding type registration materialized_blob -> org.hibernate.type.BasicTypeReference@3fe9db4a
2026-05-04T20:18:01.873-03:00 DEBUG 78226 --- [api-externa-backend] [restartedMain] org.hibernate.type.BasicTypeRegistry     : Adding type registration materialized_blob_wrapper -> org.hibernate.type.BasicTypeReference@7cc6841d
2026-05-04T20:18:01.873-03:00 DEBUG 78226 --- [api-externa-backend] [restartedMain] org.hibernate.type.BasicTypeRegistry     : Adding type registration short -> org.hibernate.type.BasicTypeReference@13fa7a15
2026-05-04T20:18:01.873-03:00 DEBUG 78226 --- [api-externa-backend] [restartedMain] org.hibernate.type.BasicTypeRegistry     : Adding type registration short -> org.hibernate.type.BasicTypeReference@13fa7a15
2026-05-04T20:18:01.873-03:00 DEBUG 78226 --- [api-externa-backend] [restartedMain] org.hibernate.type.BasicTypeRegistry     : Adding type registration java.lang.Short -> org.hibernate.type.BasicTypeReference@13fa7a15
2026-05-04T20:18:01.873-03:00 DEBUG 78226 --- [api-externa-backend] [restartedMain] org.hibernate.type.BasicTypeRegistry     : Adding type registration integer -> org.hibernate.type.BasicTypeReference@2f72636
2026-05-04T20:18:01.873-03:00 DEBUG 78226 --- [api-externa-backend] [restartedMain] org.hibernate.type.BasicTypeRegistry     : Adding type registration int -> org.hibernate.type.BasicTypeReference@2f72636
2026-05-04T20:18:01.873-03:00 DEBUG 78226 --- [api-externa-backend] [restartedMain] org.hibernate.type.BasicTypeRegistry     : Adding type registration java.lang.Integer -> org.hibernate.type.BasicTypeReference@2f72636
2026-05-04T20:18:01.873-03:00 DEBUG 78226 --- [api-externa-backend] [restartedMain] org.hibernate.type.BasicTypeRegistry     : Adding type registration long -> org.hibernate.type.BasicTypeReference@73358ea9
2026-05-04T20:18:01.873-03:00 DEBUG 78226 --- [api-externa-backend] [restartedMain] org.hibernate.type.BasicTypeRegistry     : Adding type registration long -> org.hibernate.type.BasicTypeReference@73358ea9
2026-05-04T20:18:01.874-03:00 DEBUG 78226 --- [api-externa-backend] [restartedMain] org.hibernate.type.BasicTypeRegistry     : Adding type registration java.lang.Long -> org.hibernate.type.BasicTypeReference@73358ea9
2026-05-04T20:18:01.874-03:00 DEBUG 78226 --- [api-externa-backend] [restartedMain] org.hibernate.type.BasicTypeRegistry     : Adding type registration float -> org.hibernate.type.BasicTypeReference@3b9b0abe
2026-05-04T20:18:01.874-03:00 DEBUG 78226 --- [api-externa-backend] [restartedMain] org.hibernate.type.BasicTypeRegistry     : Adding type registration float -> org.hibernate.type.BasicTypeReference@3b9b0abe
2026-05-04T20:18:01.874-03:00 DEBUG 78226 --- [api-externa-backend] [restartedMain] org.hibernate.type.BasicTypeRegistry     : Adding type registration java.lang.Float -> org.hibernate.type.BasicTypeReference@3b9b0abe
2026-05-04T20:18:01.874-03:00 DEBUG 78226 --- [api-externa-backend] [restartedMain] org.hibernate.type.BasicTypeRegistry     : Adding type registration double -> org.hibernate.type.BasicTypeReference@7bf1f50a
2026-05-04T20:18:01.874-03:00 DEBUG 78226 --- [api-externa-backend] [restartedMain] org.hibernate.type.BasicTypeRegistry     : Adding type registration double -> org.hibernate.type.BasicTypeReference@7bf1f50a
2026-05-04T20:18:01.874-03:00 DEBUG 78226 --- [api-externa-backend] [restartedMain] org.hibernate.type.BasicTypeRegistry     : Adding type registration java.lang.Double -> org.hibernate.type.BasicTypeReference@7bf1f50a
2026-05-04T20:18:01.874-03:00 DEBUG 78226 --- [api-externa-backend] [restartedMain] org.hibernate.type.BasicTypeRegistry     : Adding type registration big_integer -> org.hibernate.type.BasicTypeReference@400caad4
2026-05-04T20:18:01.874-03:00 DEBUG 78226 --- [api-externa-backend] [restartedMain] org.hibernate.type.BasicTypeRegistry     : Adding type registration java.math.BigInteger -> org.hibernate.type.BasicTypeReference@400caad4
2026-05-04T20:18:01.874-03:00 DEBUG 78226 --- [api-externa-backend] [restartedMain] org.hibernate.type.BasicTypeRegistry     : Adding type registration big_decimal -> org.hibernate.type.BasicTypeReference@1f9324ba
2026-05-04T20:18:01.874-03:00 DEBUG 78226 --- [api-externa-backend] [restartedMain] org.hibernate.type.BasicTypeRegistry     : Adding type registration java.math.BigDecimal -> org.hibernate.type.BasicTypeReference@1f9324ba
2026-05-04T20:18:01.874-03:00 DEBUG 78226 --- [api-externa-backend] [restartedMain] org.hibernate.type.BasicTypeRegistry     : Adding type registration character -> org.hibernate.type.BasicTypeReference@7cbe030c
2026-05-04T20:18:01.874-03:00 DEBUG 78226 --- [api-externa-backend] [restartedMain] org.hibernate.type.BasicTypeRegistry     : Adding type registration char -> org.hibernate.type.BasicTypeReference@7cbe030c
2026-05-04T20:18:01.874-03:00 DEBUG 78226 --- [api-externa-backend] [restartedMain] org.hibernate.type.BasicTypeRegistry     : Adding type registration java.lang.Character -> org.hibernate.type.BasicTypeReference@7cbe030c
2026-05-04T20:18:01.874-03:00 DEBUG 78226 --- [api-externa-backend] [restartedMain] org.hibernate.type.BasicTypeRegistry     : Adding type registration character_nchar -> org.hibernate.type.BasicTypeReference@813f034
2026-05-04T20:18:01.874-03:00 DEBUG 78226 --- [api-externa-backend] [restartedMain] org.hibernate.type.BasicTypeRegistry     : Adding type registration string -> org.hibernate.type.BasicTypeReference@2d6cb1e8
2026-05-04T20:18:01.874-03:00 DEBUG 78226 --- [api-externa-backend] [restartedMain] org.hibernate.type.BasicTypeRegistry     : Adding type registration java.lang.String -> org.hibernate.type.BasicTypeReference@2d6cb1e8
2026-05-04T20:18:01.874-03:00 DEBUG 78226 --- [api-externa-backend] [restartedMain] org.hibernate.type.BasicTypeRegistry     : Adding type registration nstring -> org.hibernate.type.BasicTypeReference@2bdce60b
2026-05-04T20:18:01.874-03:00 DEBUG 78226 --- [api-externa-backend] [restartedMain] org.hibernate.type.BasicTypeRegistry     : Adding type registration characters -> org.hibernate.type.BasicTypeReference@27f6361f
2026-05-04T20:18:01.874-03:00 DEBUG 78226 --- [api-externa-backend] [restartedMain] org.hibernate.type.BasicTypeRegistry     : Adding type registration char[] -> org.hibernate.type.BasicTypeReference@27f6361f
2026-05-04T20:18:01.874-03:00 DEBUG 78226 --- [api-externa-backend] [restartedMain] org.hibernate.type.BasicTypeRegistry     : Adding type registration [C -> org.hibernate.type.BasicTypeReference@27f6361f
2026-05-04T20:18:01.874-03:00 DEBUG 78226 --- [api-externa-backend] [restartedMain] org.hibernate.type.BasicTypeRegistry     : Adding type registration wrapper-characters -> org.hibernate.type.BasicTypeReference@3073f085
2026-05-04T20:18:01.874-03:00 DEBUG 78226 --- [api-externa-backend] [restartedMain] org.hibernate.type.BasicTypeRegistry     : Adding type registration text -> org.hibernate.type.BasicTypeReference@7858e492
2026-05-04T20:18:01.874-03:00 DEBUG 78226 --- [api-externa-backend] [restartedMain] org.hibernate.type.BasicTypeRegistry     : Adding type registration ntext -> org.hibernate.type.BasicTypeReference@34f8a92c
2026-05-04T20:18:01.874-03:00 DEBUG 78226 --- [api-externa-backend] [restartedMain] org.hibernate.type.BasicTypeRegistry     : Adding type registration clob -> org.hibernate.type.BasicTypeReference@22283762
2026-05-04T20:18:01.874-03:00 DEBUG 78226 --- [api-externa-backend] [restartedMain] org.hibernate.type.BasicTypeRegistry     : Adding type registration java.sql.Clob -> org.hibernate.type.BasicTypeReference@22283762
2026-05-04T20:18:01.874-03:00 DEBUG 78226 --- [api-externa-backend] [restartedMain] org.hibernate.type.BasicTypeRegistry     : Adding type registration nclob -> org.hibernate.type.BasicTypeReference@d701c7a
2026-05-04T20:18:01.874-03:00 DEBUG 78226 --- [api-externa-backend] [restartedMain] org.hibernate.type.BasicTypeRegistry     : Adding type registration java.sql.NClob -> org.hibernate.type.BasicTypeReference@d701c7a
2026-05-04T20:18:01.874-03:00 DEBUG 78226 --- [api-externa-backend] [restartedMain] org.hibernate.type.BasicTypeRegistry     : Adding type registration materialized_clob -> org.hibernate.type.BasicTypeReference@32330532
2026-05-04T20:18:01.874-03:00 DEBUG 78226 --- [api-externa-backend] [restartedMain] org.hibernate.type.BasicTypeRegistry     : Adding type registration materialized_clob_char_array -> org.hibernate.type.BasicTypeReference@43f36b91
2026-05-04T20:18:01.874-03:00 DEBUG 78226 --- [api-externa-backend] [restartedMain] org.hibernate.type.BasicTypeRegistry     : Adding type registration materialized_clob_character_array -> org.hibernate.type.BasicTypeReference@2003c7aa
2026-05-04T20:18:01.874-03:00 DEBUG 78226 --- [api-externa-backend] [restartedMain] org.hibernate.type.BasicTypeRegistry     : Adding type registration materialized_nclob -> org.hibernate.type.BasicTypeReference@2d9d8c1c
2026-05-04T20:18:01.874-03:00 DEBUG 78226 --- [api-externa-backend] [restartedMain] org.hibernate.type.BasicTypeRegistry     : Adding type registration materialized_nclob_character_array -> org.hibernate.type.BasicTypeReference@7ad1608
2026-05-04T20:18:01.874-03:00 DEBUG 78226 --- [api-externa-backend] [restartedMain] org.hibernate.type.BasicTypeRegistry     : Adding type registration materialized_nclob_char_array -> org.hibernate.type.BasicTypeReference@5f5a4a8f
2026-05-04T20:18:01.874-03:00 DEBUG 78226 --- [api-externa-backend] [restartedMain] org.hibernate.type.BasicTypeRegistry     : Adding type registration Duration -> org.hibernate.type.BasicTypeReference@61daf859
2026-05-04T20:18:01.874-03:00 DEBUG 78226 --- [api-externa-backend] [restartedMain] org.hibernate.type.BasicTypeRegistry     : Adding type registration java.time.Duration -> org.hibernate.type.BasicTypeReference@61daf859
2026-05-04T20:18:01.874-03:00 DEBUG 78226 --- [api-externa-backend] [restartedMain] org.hibernate.type.BasicTypeRegistry     : Adding type registration LocalDateTime -> org.hibernate.type.BasicTypeReference@20666512
2026-05-04T20:18:01.874-03:00 DEBUG 78226 --- [api-externa-backend] [restartedMain] org.hibernate.type.BasicTypeRegistry     : Adding type registration java.time.LocalDateTime -> org.hibernate.type.BasicTypeReference@20666512
2026-05-04T20:18:01.874-03:00 DEBUG 78226 --- [api-externa-backend] [restartedMain] org.hibernate.type.BasicTypeRegistry     : Adding type registration LocalDate -> org.hibernate.type.BasicTypeReference@4f942a40
2026-05-04T20:18:01.874-03:00 DEBUG 78226 --- [api-externa-backend] [restartedMain] org.hibernate.type.BasicTypeRegistry     : Adding type registration java.time.LocalDate -> org.hibernate.type.BasicTypeReference@4f942a40
2026-05-04T20:18:01.874-03:00 DEBUG 78226 --- [api-externa-backend] [restartedMain] org.hibernate.type.BasicTypeRegistry     : Adding type registration LocalTime -> org.hibernate.type.BasicTypeReference@42970f0f
2026-05-04T20:18:01.874-03:00 DEBUG 78226 --- [api-externa-backend] [restartedMain] org.hibernate.type.BasicTypeRegistry     : Adding type registration java.time.LocalTime -> org.hibernate.type.BasicTypeReference@42970f0f
2026-05-04T20:18:01.874-03:00 DEBUG 78226 --- [api-externa-backend] [restartedMain] org.hibernate.type.BasicTypeRegistry     : Adding type registration OffsetDateTime -> org.hibernate.type.BasicTypeReference@74393f34
2026-05-04T20:18:01.874-03:00 DEBUG 78226 --- [api-externa-backend] [restartedMain] org.hibernate.type.BasicTypeRegistry     : Adding type registration java.time.OffsetDateTime -> org.hibernate.type.BasicTypeReference@74393f34
2026-05-04T20:18:01.874-03:00 DEBUG 78226 --- [api-externa-backend] [restartedMain] org.hibernate.type.BasicTypeRegistry     : Adding type registration OffsetDateTimeWithTimezone -> org.hibernate.type.BasicTypeReference@67648a54
2026-05-04T20:18:01.874-03:00 DEBUG 78226 --- [api-externa-backend] [restartedMain] org.hibernate.type.BasicTypeRegistry     : Adding type registration OffsetDateTimeWithoutTimezone -> org.hibernate.type.BasicTypeReference@9cc6ad2
2026-05-04T20:18:01.874-03:00 DEBUG 78226 --- [api-externa-backend] [restartedMain] org.hibernate.type.BasicTypeRegistry     : Adding type registration OffsetTime -> org.hibernate.type.BasicTypeReference@7359f393
2026-05-04T20:18:01.874-03:00 DEBUG 78226 --- [api-externa-backend] [restartedMain] org.hibernate.type.BasicTypeRegistry     : Adding type registration java.time.OffsetTime -> org.hibernate.type.BasicTypeReference@7359f393
2026-05-04T20:18:01.874-03:00 DEBUG 78226 --- [api-externa-backend] [restartedMain] org.hibernate.type.BasicTypeRegistry     : Adding type registration OffsetTimeUtc -> org.hibernate.type.BasicTypeReference@4e24a253
2026-05-04T20:18:01.874-03:00 DEBUG 78226 --- [api-externa-backend] [restartedMain] org.hibernate.type.BasicTypeRegistry     : Adding type registration OffsetTimeWithTimezone -> org.hibernate.type.BasicTypeReference@d51a7e9
2026-05-04T20:18:01.874-03:00 DEBUG 78226 --- [api-externa-backend] [restartedMain] org.hibernate.type.BasicTypeRegistry     : Adding type registration OffsetTimeWithoutTimezone -> org.hibernate.type.BasicTypeReference@67a1d66b
2026-05-04T20:18:01.874-03:00 DEBUG 78226 --- [api-externa-backend] [restartedMain] org.hibernate.type.BasicTypeRegistry     : Adding type registration ZonedDateTime -> org.hibernate.type.BasicTypeReference@5bd86467
2026-05-04T20:18:01.874-03:00 DEBUG 78226 --- [api-externa-backend] [restartedMain] org.hibernate.type.BasicTypeRegistry     : Adding type registration java.time.ZonedDateTime -> org.hibernate.type.BasicTypeReference@5bd86467
2026-05-04T20:18:01.874-03:00 DEBUG 78226 --- [api-externa-backend] [restartedMain] org.hibernate.type.BasicTypeRegistry     : Adding type registration ZonedDateTimeWithTimezone -> org.hibernate.type.BasicTypeReference@30056375
2026-05-04T20:18:01.874-03:00 DEBUG 78226 --- [api-externa-backend] [restartedMain] org.hibernate.type.BasicTypeRegistry     : Adding type registration ZonedDateTimeWithoutTimezone -> org.hibernate.type.BasicTypeReference@306bf473
2026-05-04T20:18:01.874-03:00 DEBUG 78226 --- [api-externa-backend] [restartedMain] org.hibernate.type.BasicTypeRegistry     : Adding type registration date -> org.hibernate.type.BasicTypeReference@59907e9b
2026-05-04T20:18:01.874-03:00 DEBUG 78226 --- [api-externa-backend] [restartedMain] org.hibernate.type.BasicTypeRegistry     : Adding type registration java.sql.Date -> org.hibernate.type.BasicTypeReference@59907e9b
2026-05-04T20:18:01.874-03:00 DEBUG 78226 --- [api-externa-backend] [restartedMain] org.hibernate.type.BasicTypeRegistry     : Adding type registration time -> org.hibernate.type.BasicTypeReference@41f3d292
2026-05-04T20:18:01.874-03:00 DEBUG 78226 --- [api-externa-backend] [restartedMain] org.hibernate.type.BasicTypeRegistry     : Adding type registration java.sql.Time -> org.hibernate.type.BasicTypeReference@41f3d292
2026-05-04T20:18:01.874-03:00 DEBUG 78226 --- [api-externa-backend] [restartedMain] org.hibernate.type.BasicTypeRegistry     : Adding type registration timestamp -> org.hibernate.type.BasicTypeReference@5a761f12
2026-05-04T20:18:01.874-03:00 DEBUG 78226 --- [api-externa-backend] [restartedMain] org.hibernate.type.BasicTypeRegistry     : Adding type registration java.sql.Timestamp -> org.hibernate.type.BasicTypeReference@5a761f12
2026-05-04T20:18:01.874-03:00 DEBUG 78226 --- [api-externa-backend] [restartedMain] org.hibernate.type.BasicTypeRegistry     : Adding type registration java.util.Date -> org.hibernate.type.BasicTypeReference@5a761f12
2026-05-04T20:18:01.874-03:00 DEBUG 78226 --- [api-externa-backend] [restartedMain] org.hibernate.type.BasicTypeRegistry     : Adding type registration calendar -> org.hibernate.type.BasicTypeReference@3551b043
2026-05-04T20:18:01.874-03:00 DEBUG 78226 --- [api-externa-backend] [restartedMain] org.hibernate.type.BasicTypeRegistry     : Adding type registration java.util.Calendar -> org.hibernate.type.BasicTypeReference@3551b043
2026-05-04T20:18:01.874-03:00 DEBUG 78226 --- [api-externa-backend] [restartedMain] org.hibernate.type.BasicTypeRegistry     : Adding type registration java.util.GregorianCalendar -> org.hibernate.type.BasicTypeReference@3551b043
2026-05-04T20:18:01.874-03:00 DEBUG 78226 --- [api-externa-backend] [restartedMain] org.hibernate.type.BasicTypeRegistry     : Adding type registration calendar_date -> org.hibernate.type.BasicTypeReference@6fef64d4
2026-05-04T20:18:01.874-03:00 DEBUG 78226 --- [api-externa-backend] [restartedMain] org.hibernate.type.BasicTypeRegistry     : Adding type registration calendar_time -> org.hibernate.type.BasicTypeReference@30d74cf9
2026-05-04T20:18:01.874-03:00 DEBUG 78226 --- [api-externa-backend] [restartedMain] org.hibernate.type.BasicTypeRegistry     : Adding type registration instant -> org.hibernate.type.BasicTypeReference@5ab34b7e
2026-05-04T20:18:01.874-03:00 DEBUG 78226 --- [api-externa-backend] [restartedMain] org.hibernate.type.BasicTypeRegistry     : Adding type registration java.time.Instant -> org.hibernate.type.BasicTypeReference@5ab34b7e
2026-05-04T20:18:01.874-03:00 DEBUG 78226 --- [api-externa-backend] [restartedMain] org.hibernate.type.BasicTypeRegistry     : Adding type registration uuid -> org.hibernate.type.BasicTypeReference@62582bc3
2026-05-04T20:18:01.874-03:00 DEBUG 78226 --- [api-externa-backend] [restartedMain] org.hibernate.type.BasicTypeRegistry     : Adding type registration java.util.UUID -> org.hibernate.type.BasicTypeReference@62582bc3
2026-05-04T20:18:01.874-03:00 DEBUG 78226 --- [api-externa-backend] [restartedMain] org.hibernate.type.BasicTypeRegistry     : Adding type registration pg-uuid -> org.hibernate.type.BasicTypeReference@62582bc3
2026-05-04T20:18:01.874-03:00 DEBUG 78226 --- [api-externa-backend] [restartedMain] org.hibernate.type.BasicTypeRegistry     : Adding type registration uuid-binary -> org.hibernate.type.BasicTypeReference@76853a98
2026-05-04T20:18:01.874-03:00 DEBUG 78226 --- [api-externa-backend] [restartedMain] org.hibernate.type.BasicTypeRegistry     : Adding type registration uuid-char -> org.hibernate.type.BasicTypeReference@7cbf1035
2026-05-04T20:18:01.874-03:00 DEBUG 78226 --- [api-externa-backend] [restartedMain] org.hibernate.type.BasicTypeRegistry     : Adding type registration class -> org.hibernate.type.BasicTypeReference@3c174c67
2026-05-04T20:18:01.874-03:00 DEBUG 78226 --- [api-externa-backend] [restartedMain] org.hibernate.type.BasicTypeRegistry     : Adding type registration java.lang.Class -> org.hibernate.type.BasicTypeReference@3c174c67
2026-05-04T20:18:01.874-03:00 DEBUG 78226 --- [api-externa-backend] [restartedMain] org.hibernate.type.BasicTypeRegistry     : Adding type registration currency -> org.hibernate.type.BasicTypeReference@1f327e15
2026-05-04T20:18:01.874-03:00 DEBUG 78226 --- [api-externa-backend] [restartedMain] org.hibernate.type.BasicTypeRegistry     : Adding type registration Currency -> org.hibernate.type.BasicTypeReference@1f327e15
2026-05-04T20:18:01.874-03:00 DEBUG 78226 --- [api-externa-backend] [restartedMain] org.hibernate.type.BasicTypeRegistry     : Adding type registration java.util.Currency -> org.hibernate.type.BasicTypeReference@1f327e15
2026-05-04T20:18:01.874-03:00 DEBUG 78226 --- [api-externa-backend] [restartedMain] org.hibernate.type.BasicTypeRegistry     : Adding type registration locale -> org.hibernate.type.BasicTypeReference@40bcd691
2026-05-04T20:18:01.874-03:00 DEBUG 78226 --- [api-externa-backend] [restartedMain] org.hibernate.type.BasicTypeRegistry     : Adding type registration java.util.Locale -> org.hibernate.type.BasicTypeReference@40bcd691
2026-05-04T20:18:01.874-03:00 DEBUG 78226 --- [api-externa-backend] [restartedMain] org.hibernate.type.BasicTypeRegistry     : Adding type registration serializable -> org.hibernate.type.BasicTypeReference@4406480b
2026-05-04T20:18:01.874-03:00 DEBUG 78226 --- [api-externa-backend] [restartedMain] org.hibernate.type.BasicTypeRegistry     : Adding type registration java.io.Serializable -> org.hibernate.type.BasicTypeReference@4406480b
2026-05-04T20:18:01.874-03:00 DEBUG 78226 --- [api-externa-backend] [restartedMain] org.hibernate.type.BasicTypeRegistry     : Adding type registration timezone -> org.hibernate.type.BasicTypeReference@42f44098
2026-05-04T20:18:01.874-03:00 DEBUG 78226 --- [api-externa-backend] [restartedMain] org.hibernate.type.BasicTypeRegistry     : Adding type registration java.util.TimeZone -> org.hibernate.type.BasicTypeReference@42f44098
2026-05-04T20:18:01.874-03:00 DEBUG 78226 --- [api-externa-backend] [restartedMain] org.hibernate.type.BasicTypeRegistry     : Adding type registration ZoneOffset -> org.hibernate.type.BasicTypeReference@4eba4c05
2026-05-04T20:18:01.874-03:00 DEBUG 78226 --- [api-externa-backend] [restartedMain] org.hibernate.type.BasicTypeRegistry     : Adding type registration java.time.ZoneOffset -> org.hibernate.type.BasicTypeReference@4eba4c05
2026-05-04T20:18:01.874-03:00 DEBUG 78226 --- [api-externa-backend] [restartedMain] org.hibernate.type.BasicTypeRegistry     : Adding type registration url -> org.hibernate.type.BasicTypeReference@6894131d
2026-05-04T20:18:01.874-03:00 DEBUG 78226 --- [api-externa-backend] [restartedMain] org.hibernate.type.BasicTypeRegistry     : Adding type registration java.net.URL -> org.hibernate.type.BasicTypeReference@6894131d
2026-05-04T20:18:01.874-03:00 DEBUG 78226 --- [api-externa-backend] [restartedMain] org.hibernate.type.BasicTypeRegistry     : Adding type registration vector -> org.hibernate.type.BasicTypeReference@1ea44814
2026-05-04T20:18:01.874-03:00 DEBUG 78226 --- [api-externa-backend] [restartedMain] org.hibernate.type.BasicTypeRegistry     : Adding type registration float_vector -> org.hibernate.type.BasicTypeReference@7e343bd8
2026-05-04T20:18:01.874-03:00 DEBUG 78226 --- [api-externa-backend] [restartedMain] org.hibernate.type.BasicTypeRegistry     : Adding type registration double_vector -> org.hibernate.type.BasicTypeReference@62728a7f
2026-05-04T20:18:01.874-03:00 DEBUG 78226 --- [api-externa-backend] [restartedMain] org.hibernate.type.BasicTypeRegistry     : Adding type registration byte_vector -> org.hibernate.type.BasicTypeReference@2ab661d7
2026-05-04T20:18:01.874-03:00 DEBUG 78226 --- [api-externa-backend] [restartedMain] org.hibernate.type.BasicTypeRegistry     : Adding type registration row_version -> org.hibernate.type.BasicTypeReference@166e687d
2026-05-04T20:18:01.874-03:00 DEBUG 78226 --- [api-externa-backend] [restartedMain] org.hibernate.type.BasicTypeRegistry     : Adding type registration object -> org.hibernate.type.JavaObjectType@22c2c52e
2026-05-04T20:18:01.874-03:00 DEBUG 78226 --- [api-externa-backend] [restartedMain] org.hibernate.type.BasicTypeRegistry     : Adding type registration java.lang.Object -> org.hibernate.type.JavaObjectType@22c2c52e
2026-05-04T20:18:01.874-03:00 DEBUG 78226 --- [api-externa-backend] [restartedMain] org.hibernate.type.BasicTypeRegistry     : Adding type registration null -> org.hibernate.type.NullType@6b1585aa
2026-05-04T20:18:01.874-03:00 DEBUG 78226 --- [api-externa-backend] [restartedMain] org.hibernate.type.BasicTypeRegistry     : Adding type registration imm_date -> org.hibernate.type.BasicTypeReference@5714e0ee
2026-05-04T20:18:01.874-03:00 DEBUG 78226 --- [api-externa-backend] [restartedMain] org.hibernate.type.BasicTypeRegistry     : Adding type registration imm_time -> org.hibernate.type.BasicTypeReference@d5b0be3
2026-05-04T20:18:01.874-03:00 DEBUG 78226 --- [api-externa-backend] [restartedMain] org.hibernate.type.BasicTypeRegistry     : Adding type registration imm_timestamp -> org.hibernate.type.BasicTypeReference@4cb0a46
2026-05-04T20:18:01.874-03:00 DEBUG 78226 --- [api-externa-backend] [restartedMain] org.hibernate.type.BasicTypeRegistry     : Adding type registration imm_calendar -> org.hibernate.type.BasicTypeReference@4a53b291
2026-05-04T20:18:01.874-03:00 DEBUG 78226 --- [api-externa-backend] [restartedMain] org.hibernate.type.BasicTypeRegistry     : Adding type registration imm_calendar_date -> org.hibernate.type.BasicTypeReference@3a3038a5
2026-05-04T20:18:01.874-03:00 DEBUG 78226 --- [api-externa-backend] [restartedMain] org.hibernate.type.BasicTypeRegistry     : Adding type registration imm_calendar_time -> org.hibernate.type.BasicTypeReference@6f612813
2026-05-04T20:18:01.874-03:00 DEBUG 78226 --- [api-externa-backend] [restartedMain] org.hibernate.type.BasicTypeRegistry     : Adding type registration imm_binary -> org.hibernate.type.BasicTypeReference@33a48683
2026-05-04T20:18:01.874-03:00 DEBUG 78226 --- [api-externa-backend] [restartedMain] org.hibernate.type.BasicTypeRegistry     : Adding type registration imm_serializable -> org.hibernate.type.BasicTypeReference@64b47d5c
2026-05-04T20:18:01.878-03:00  INFO 78226 --- [api-externa-backend] [restartedMain] o.s.o.j.p.SpringPersistenceUnitInfo      : No LoadTimeWeaver setup: ignoring JPA class transformer
2026-05-04T20:18:01.879-03:00  INFO 78226 --- [api-externa-backend] [restartedMain] org.hibernate.orm.connections.pooling    : HHH10001005: Database info:
	Database JDBC URL [Connecting through datasource 'HikariDataSource (HikariPool-3)']
	Database driver: undefined/unknown
	Database version: 2.3.232
	Autocommit mode: undefined/unknown
	Isolation level: undefined/unknown
	Minimum pool size: undefined/unknown
	Maximum pool size: undefined/unknown
2026-05-04T20:18:01.879-03:00 DEBUG 78226 --- [api-externa-backend] [restartedMain] o.h.t.d.jdbc.spi.JdbcTypeRegistry        : addDescriptor(NCharTypeDescriptor) replaced previous registration(CharTypeDescriptor)
2026-05-04T20:18:01.879-03:00 DEBUG 78226 --- [api-externa-backend] [restartedMain] o.h.t.d.jdbc.spi.JdbcTypeRegistry        : addDescriptor(NVarcharTypeDescriptor) replaced previous registration(VarcharTypeDescriptor)
2026-05-04T20:18:01.879-03:00 DEBUG 78226 --- [api-externa-backend] [restartedMain] o.h.t.d.jdbc.spi.JdbcTypeRegistry        : addDescriptor(LongNVarcharTypeDescriptor) replaced previous registration(LongVarcharTypeDescriptor)
2026-05-04T20:18:01.879-03:00 DEBUG 78226 --- [api-externa-backend] [restartedMain] o.h.t.d.jdbc.spi.JdbcTypeRegistry        : addDescriptor(NClobTypeDescriptor(DEFAULT)) replaced previous registration(ClobTypeDescriptor(DEFAULT))
2026-05-04T20:18:01.879-03:00 DEBUG 78226 --- [api-externa-backend] [restartedMain] o.h.t.d.jdbc.spi.JdbcTypeRegistry        : addDescriptor(TimestampUtcDescriptor) replaced previous registration(TimestampUtcDescriptor)
2026-05-04T20:18:01.879-03:00 DEBUG 78226 --- [api-externa-backend] [restartedMain] org.hibernate.type.BasicTypeRegistry     : Adding type registration org.hibernate.type.DurationType -> basicType@39(java.time.Duration,3015)
2026-05-04T20:18:01.879-03:00 DEBUG 78226 --- [api-externa-backend] [restartedMain] org.hibernate.type.BasicTypeRegistry     : Adding type registration Duration -> basicType@39(java.time.Duration,3015)
2026-05-04T20:18:01.879-03:00 DEBUG 78226 --- [api-externa-backend] [restartedMain] org.hibernate.type.BasicTypeRegistry     : Adding type registration java.time.Duration -> basicType@39(java.time.Duration,3015)
2026-05-04T20:18:01.879-03:00 DEBUG 78226 --- [api-externa-backend] [restartedMain] o.h.type.spi.TypeConfiguration$Scope     : Scoping TypeConfiguration [org.hibernate.type.spi.TypeConfiguration@26d50541] to MetadataBuildingContext [org.hibernate.boot.internal.MetadataBuildingContextRootImpl@480d89f5]
2026-05-04T20:18:01.901-03:00  INFO 78226 --- [api-externa-backend] [restartedMain] o.h.e.t.j.p.i.JtaPlatformInitiator       : HHH000489: No JTA platform available (set 'hibernate.transaction.jta.platform' to enable JTA platform integration)
2026-05-04T20:18:01.901-03:00 DEBUG 78226 --- [api-externa-backend] [restartedMain] o.h.type.spi.TypeConfiguration$Scope     : Scoping TypeConfiguration [org.hibernate.type.spi.TypeConfiguration@26d50541] to SessionFactoryImplementor [org.hibernate.internal.SessionFactoryImpl@38095f68]
2026-05-04T20:18:01.901-03:00 DEBUG 78226 --- [api-externa-backend] [restartedMain] org.hibernate.SQL                        : 
    drop table if exists tb_acao cascade 
2026-05-04T20:18:01.901-03:00 DEBUG 78226 --- [api-externa-backend] [restartedMain] org.hibernate.SQL                        : 
    drop table if exists tb_corretora cascade 
2026-05-04T20:18:01.901-03:00 DEBUG 78226 --- [api-externa-backend] [restartedMain] org.hibernate.SQL                        : 
    drop sequence if exists seq_acao
2026-05-04T20:18:01.901-03:00 DEBUG 78226 --- [api-externa-backend] [restartedMain] org.hibernate.SQL                        : 
    drop sequence if exists seq_corretora
2026-05-04T20:18:01.902-03:00 DEBUG 78226 --- [api-externa-backend] [restartedMain] org.hibernate.SQL                        : 
    create sequence seq_acao start with 1 increment by 1
2026-05-04T20:18:01.902-03:00 DEBUG 78226 --- [api-externa-backend] [restartedMain] org.hibernate.SQL                        : 
    create sequence seq_corretora start with 1 increment by 1
2026-05-04T20:18:01.902-03:00 DEBUG 78226 --- [api-externa-backend] [restartedMain] org.hibernate.SQL                        : 
    create table tb_acao (
        cotacao_atual numeric(19,4),
        data_hora_cotacao timestamp(6),
        id bigint not null,
        mercado varchar(255) not null,
        moeda varchar(255) not null,
        nome_empresa varchar(255),
        ticker varchar(255) not null unique,
        primary key (id)
    )
2026-05-04T20:18:01.902-03:00 DEBUG 78226 --- [api-externa-backend] [restartedMain] org.hibernate.SQL                        : 
    create table tb_corretora (
        uf varchar(2),
        validada_na_cvm boolean not null,
        cep varchar(8),
        data_cadastro timestamp(6) not null,
        id bigint not null,
        numero varchar(10),
        cnpj varchar(14) not null unique,
        situacao_cadastral varchar(30),
        telefone varchar(30),
        bairro varchar(50),
        cidade varchar(50),
        complemento varchar(100),
        email varchar(100),
        logradouro varchar(100),
        nome_fantasia varchar(100),
        razao_social varchar(100) not null,
        primary key (id)
    )
2026-05-04T20:18:01.903-03:00 TRACE 78226 --- [api-externa-backend] [restartedMain] o.h.type.spi.TypeConfiguration$Scope     : Handling #sessionFactoryCreated from [org.hibernate.internal.SessionFactoryImpl@38095f68] for TypeConfiguration
2026-05-04T20:18:01.903-03:00  INFO 78226 --- [api-externa-backend] [restartedMain] j.LocalContainerEntityManagerFactoryBean : Initialized JPA EntityManagerFactory for persistence unit 'default'
2026-05-04T20:18:01.913-03:00  WARN 78226 --- [api-externa-backend] [restartedMain] JpaBaseConfiguration$JpaWebConfiguration : spring.jpa.open-in-view is enabled by default. Therefore, database queries may be performed during view rendering. Explicitly configure spring.jpa.open-in-view to disable this warning
2026-05-04T20:18:01.919-03:00  INFO 78226 --- [api-externa-backend] [restartedMain] o.s.b.d.a.OptionalLiveReloadServer       : LiveReload server is running on port 35729
2026-05-04T20:18:02.081-03:00  INFO 78226 --- [api-externa-backend] [restartedMain] o.s.b.a.h2.H2ConsoleAutoConfiguration    : H2 console available at '/h2-console'. Database available at 'jdbc:h2:mem:cursodb'
2026-05-04T20:18:02.095-03:00  INFO 78226 --- [api-externa-backend] [restartedMain] o.s.b.w.embedded.tomcat.TomcatWebServer  : Tomcat started on port 8080 (http) with context path '/'
2026-05-04T20:18:02.099-03:00  INFO 78226 --- [api-externa-backend] [restartedMain] com.ApiExternaBackendApplication         : Started ApiExternaBackendApplication in 0.456 seconds (process running for 334.317)
2026-05-04T20:18:02.099-03:00  INFO 78226 --- [api-externa-backend] [restartedMain] .ConditionEvaluationDeltaLoggingListener : Condition evaluation unchanged
2026-05-04T20:18:47.990-03:00  INFO 78226 --- [api-externa-backend] [File Watcher] rtingClassPathChangeChangedEventListener : Restarting due to 1 class path change (0 additions, 0 deletions, 1 modification)
2026-05-04T20:18:47.997-03:00  INFO 78226 --- [api-externa-backend] [Thread-16] o.s.b.w.e.tomcat.GracefulShutdown        : Commencing graceful shutdown. Waiting for active requests to complete
2026-05-04T20:18:48.000-03:00  INFO 78226 --- [api-externa-backend] [tomcat-shutdown] o.s.b.w.e.tomcat.GracefulShutdown        : Graceful shutdown complete
2026-05-04T20:18:48.004-03:00  INFO 78226 --- [api-externa-backend] [Thread-16] j.LocalContainerEntityManagerFactoryBean : Closing JPA EntityManagerFactory for persistence unit 'default'
2026-05-04T20:18:48.004-03:00 DEBUG 78226 --- [api-externa-backend] [Thread-16] org.hibernate.SQL                        : 
    drop table if exists tb_acao cascade 
2026-05-04T20:18:48.006-03:00 DEBUG 78226 --- [api-externa-backend] [Thread-16] org.hibernate.SQL                        : 
    drop table if exists tb_corretora cascade 
2026-05-04T20:18:48.007-03:00 DEBUG 78226 --- [api-externa-backend] [Thread-16] org.hibernate.SQL                        : 
    drop sequence if exists seq_acao
2026-05-04T20:18:48.007-03:00 DEBUG 78226 --- [api-externa-backend] [Thread-16] org.hibernate.SQL                        : 
    drop sequence if exists seq_corretora
2026-05-04T20:18:48.008-03:00 TRACE 78226 --- [api-externa-backend] [Thread-16] o.h.type.spi.TypeConfiguration$Scope     : Handling #sessionFactoryClosed from [org.hibernate.internal.SessionFactoryImpl@38095f68] for TypeConfiguration
2026-05-04T20:18:48.008-03:00 DEBUG 78226 --- [api-externa-backend] [Thread-16] o.h.type.spi.TypeConfiguration$Scope     : Un-scoping TypeConfiguration [org.hibernate.type.spi.TypeConfiguration$Scope@5dd5f6b4] from SessionFactory [org.hibernate.internal.SessionFactoryImpl@38095f68]
2026-05-04T20:18:48.009-03:00  WARN 78226 --- [api-externa-backend] [Thread-16] o.s.b.f.support.DisposableBeanAdapter    : Invocation of destroy method failed on bean with name 'inMemoryDatabaseShutdownExecutor': org.h2.jdbc.JdbcSQLNonTransientConnectionException: Database is already closed (to disable automatic closing at VM shutdown, add ";DB_CLOSE_ON_EXIT=FALSE" to the db URL) [90121-232]
2026-05-04T20:18:48.009-03:00  INFO 78226 --- [api-externa-backend] [Thread-16] com.zaxxer.hikari.HikariDataSource       : HikariPool-3 - Shutdown initiated...
2026-05-04T20:18:48.009-03:00  INFO 78226 --- [api-externa-backend] [Thread-16] com.zaxxer.hikari.HikariDataSource       : HikariPool-3 - Shutdown completed.
2026-05-04T20:18:48.050-03:00  INFO 78226 --- [api-externa-backend] [restartedMain] com.ApiExternaBackendApplication         : Starting ApiExternaBackendApplication using Java 17.0.16 with PID 78226 (/Users/lucas/Documents/Programacao/Spring/api-externa-backend/target/classes started by lucas in /Users/lucas/Documents/Programacao/Spring/api-externa-backend)
2026-05-04T20:18:48.050-03:00  INFO 78226 --- [api-externa-backend] [restartedMain] com.ApiExternaBackendApplication         : The following 1 profile is active: "test"
2026-05-04T20:18:48.147-03:00  INFO 78226 --- [api-externa-backend] [restartedMain] .s.d.r.c.RepositoryConfigurationDelegate : Bootstrapping Spring Data JPA repositories in DEFAULT mode.
2026-05-04T20:18:48.160-03:00  INFO 78226 --- [api-externa-backend] [restartedMain] .s.d.r.c.RepositoryConfigurationDelegate : Finished Spring Data repository scanning in 12 ms. Found 2 JPA repository interfaces.
2026-05-04T20:18:48.170-03:00  INFO 78226 --- [api-externa-backend] [restartedMain] o.s.cloud.context.scope.GenericScope     : BeanFactory id=94ec2bbb-6b48-336a-a5b1-3dab0d29d059
2026-05-04T20:18:48.192-03:00  INFO 78226 --- [api-externa-backend] [restartedMain] o.s.b.w.embedded.tomcat.TomcatWebServer  : Tomcat initialized with port 8080 (http)
2026-05-04T20:18:48.192-03:00  INFO 78226 --- [api-externa-backend] [restartedMain] o.apache.catalina.core.StandardService   : Starting service [Tomcat]
2026-05-04T20:18:48.192-03:00  INFO 78226 --- [api-externa-backend] [restartedMain] o.apache.catalina.core.StandardEngine    : Starting Servlet engine: [Apache Tomcat/10.1.40]
2026-05-04T20:18:48.197-03:00  INFO 78226 --- [api-externa-backend] [restartedMain] o.a.c.c.C.[Tomcat].[localhost].[/]       : Initializing Spring embedded WebApplicationContext
2026-05-04T20:18:48.197-03:00  INFO 78226 --- [api-externa-backend] [restartedMain] w.s.c.ServletWebServerApplicationContext : Root WebApplicationContext: initialization completed in 147 ms
2026-05-04T20:18:48.211-03:00  INFO 78226 --- [api-externa-backend] [restartedMain] com.zaxxer.hikari.HikariDataSource       : HikariPool-4 - Starting...
2026-05-04T20:18:48.211-03:00  INFO 78226 --- [api-externa-backend] [restartedMain] com.zaxxer.hikari.pool.HikariPool        : HikariPool-4 - Added connection conn30: url=jdbc:h2:mem:cursodb user=SA
2026-05-04T20:18:48.211-03:00  INFO 78226 --- [api-externa-backend] [restartedMain] com.zaxxer.hikari.HikariDataSource       : HikariPool-4 - Start completed.
2026-05-04T20:18:48.212-03:00  INFO 78226 --- [api-externa-backend] [restartedMain] o.hibernate.jpa.internal.util.LogHelper  : HHH000204: Processing PersistenceUnitInfo [name: default]
2026-05-04T20:18:48.212-03:00  INFO 78226 --- [api-externa-backend] [restartedMain] o.h.c.internal.RegionFactoryInitiator    : HHH000026: Second-level cache disabled
2026-05-04T20:18:48.212-03:00 DEBUG 78226 --- [api-externa-backend] [restartedMain] org.hibernate.type.BasicTypeRegistry     : Adding type registration boolean -> org.hibernate.type.BasicTypeReference@52add362
2026-05-04T20:18:48.212-03:00 DEBUG 78226 --- [api-externa-backend] [restartedMain] org.hibernate.type.BasicTypeRegistry     : Adding type registration boolean -> org.hibernate.type.BasicTypeReference@52add362
2026-05-04T20:18:48.212-03:00 DEBUG 78226 --- [api-externa-backend] [restartedMain] org.hibernate.type.BasicTypeRegistry     : Adding type registration java.lang.Boolean -> org.hibernate.type.BasicTypeReference@52add362
2026-05-04T20:18:48.212-03:00 DEBUG 78226 --- [api-externa-backend] [restartedMain] org.hibernate.type.BasicTypeRegistry     : Adding type registration numeric_boolean -> org.hibernate.type.BasicTypeReference@edbb4c2
2026-05-04T20:18:48.212-03:00 DEBUG 78226 --- [api-externa-backend] [restartedMain] org.hibernate.type.BasicTypeRegistry     : Adding type registration org.hibernate.type.NumericBooleanConverter -> org.hibernate.type.BasicTypeReference@edbb4c2
2026-05-04T20:18:48.212-03:00 DEBUG 78226 --- [api-externa-backend] [restartedMain] org.hibernate.type.BasicTypeRegistry     : Adding type registration true_false -> org.hibernate.type.BasicTypeReference@3d3c1a1e
2026-05-04T20:18:48.212-03:00 DEBUG 78226 --- [api-externa-backend] [restartedMain] org.hibernate.type.BasicTypeRegistry     : Adding type registration org.hibernate.type.TrueFalseConverter -> org.hibernate.type.BasicTypeReference@3d3c1a1e
2026-05-04T20:18:48.212-03:00 DEBUG 78226 --- [api-externa-backend] [restartedMain] org.hibernate.type.BasicTypeRegistry     : Adding type registration yes_no -> org.hibernate.type.BasicTypeReference@7c69ac44
2026-05-04T20:18:48.212-03:00 DEBUG 78226 --- [api-externa-backend] [restartedMain] org.hibernate.type.BasicTypeRegistry     : Adding type registration org.hibernate.type.YesNoConverter -> org.hibernate.type.BasicTypeReference@7c69ac44
2026-05-04T20:18:48.212-03:00 DEBUG 78226 --- [api-externa-backend] [restartedMain] org.hibernate.type.BasicTypeRegistry     : Adding type registration byte -> org.hibernate.type.BasicTypeReference@40e34668
2026-05-04T20:18:48.212-03:00 DEBUG 78226 --- [api-externa-backend] [restartedMain] org.hibernate.type.BasicTypeRegistry     : Adding type registration byte -> org.hibernate.type.BasicTypeReference@40e34668
2026-05-04T20:18:48.212-03:00 DEBUG 78226 --- [api-externa-backend] [restartedMain] org.hibernate.type.BasicTypeRegistry     : Adding type registration java.lang.Byte -> org.hibernate.type.BasicTypeReference@40e34668
2026-05-04T20:18:48.212-03:00 DEBUG 78226 --- [api-externa-backend] [restartedMain] org.hibernate.type.BasicTypeRegistry     : Adding type registration binary -> org.hibernate.type.BasicTypeReference@13cd9712
2026-05-04T20:18:48.212-03:00 DEBUG 78226 --- [api-externa-backend] [restartedMain] org.hibernate.type.BasicTypeRegistry     : Adding type registration byte[] -> org.hibernate.type.BasicTypeReference@13cd9712
2026-05-04T20:18:48.212-03:00 DEBUG 78226 --- [api-externa-backend] [restartedMain] org.hibernate.type.BasicTypeRegistry     : Adding type registration [B -> org.hibernate.type.BasicTypeReference@13cd9712
2026-05-04T20:18:48.212-03:00 DEBUG 78226 --- [api-externa-backend] [restartedMain] org.hibernate.type.BasicTypeRegistry     : Adding type registration binary_wrapper -> org.hibernate.type.BasicTypeReference@254cd40e
2026-05-04T20:18:48.212-03:00 DEBUG 78226 --- [api-externa-backend] [restartedMain] org.hibernate.type.BasicTypeRegistry     : Adding type registration wrapper-binary -> org.hibernate.type.BasicTypeReference@254cd40e
2026-05-04T20:18:48.212-03:00 DEBUG 78226 --- [api-externa-backend] [restartedMain] org.hibernate.type.BasicTypeRegistry     : Adding type registration image -> org.hibernate.type.BasicTypeReference@5a46b2b2
2026-05-04T20:18:48.212-03:00 DEBUG 78226 --- [api-externa-backend] [restartedMain] org.hibernate.type.BasicTypeRegistry     : Adding type registration blob -> org.hibernate.type.BasicTypeReference@700c220e
2026-05-04T20:18:48.212-03:00 DEBUG 78226 --- [api-externa-backend] [restartedMain] org.hibernate.type.BasicTypeRegistry     : Adding type registration java.sql.Blob -> org.hibernate.type.BasicTypeReference@700c220e
2026-05-04T20:18:48.212-03:00 DEBUG 78226 --- [api-externa-backend] [restartedMain] org.hibernate.type.BasicTypeRegistry     : Adding type registration materialized_blob -> org.hibernate.type.BasicTypeReference@3fe9db4a
2026-05-04T20:18:48.212-03:00 DEBUG 78226 --- [api-externa-backend] [restartedMain] org.hibernate.type.BasicTypeRegistry     : Adding type registration materialized_blob_wrapper -> org.hibernate.type.BasicTypeReference@7cc6841d
2026-05-04T20:18:48.212-03:00 DEBUG 78226 --- [api-externa-backend] [restartedMain] org.hibernate.type.BasicTypeRegistry     : Adding type registration short -> org.hibernate.type.BasicTypeReference@13fa7a15
2026-05-04T20:18:48.212-03:00 DEBUG 78226 --- [api-externa-backend] [restartedMain] org.hibernate.type.BasicTypeRegistry     : Adding type registration short -> org.hibernate.type.BasicTypeReference@13fa7a15
2026-05-04T20:18:48.212-03:00 DEBUG 78226 --- [api-externa-backend] [restartedMain] org.hibernate.type.BasicTypeRegistry     : Adding type registration java.lang.Short -> org.hibernate.type.BasicTypeReference@13fa7a15
2026-05-04T20:18:48.212-03:00 DEBUG 78226 --- [api-externa-backend] [restartedMain] org.hibernate.type.BasicTypeRegistry     : Adding type registration integer -> org.hibernate.type.BasicTypeReference@2f72636
2026-05-04T20:18:48.212-03:00 DEBUG 78226 --- [api-externa-backend] [restartedMain] org.hibernate.type.BasicTypeRegistry     : Adding type registration int -> org.hibernate.type.BasicTypeReference@2f72636
2026-05-04T20:18:48.212-03:00 DEBUG 78226 --- [api-externa-backend] [restartedMain] org.hibernate.type.BasicTypeRegistry     : Adding type registration java.lang.Integer -> org.hibernate.type.BasicTypeReference@2f72636
2026-05-04T20:18:48.212-03:00 DEBUG 78226 --- [api-externa-backend] [restartedMain] org.hibernate.type.BasicTypeRegistry     : Adding type registration long -> org.hibernate.type.BasicTypeReference@73358ea9
2026-05-04T20:18:48.212-03:00 DEBUG 78226 --- [api-externa-backend] [restartedMain] org.hibernate.type.BasicTypeRegistry     : Adding type registration long -> org.hibernate.type.BasicTypeReference@73358ea9
2026-05-04T20:18:48.212-03:00 DEBUG 78226 --- [api-externa-backend] [restartedMain] org.hibernate.type.BasicTypeRegistry     : Adding type registration java.lang.Long -> org.hibernate.type.BasicTypeReference@73358ea9
2026-05-04T20:18:48.212-03:00 DEBUG 78226 --- [api-externa-backend] [restartedMain] org.hibernate.type.BasicTypeRegistry     : Adding type registration float -> org.hibernate.type.BasicTypeReference@3b9b0abe
2026-05-04T20:18:48.212-03:00 DEBUG 78226 --- [api-externa-backend] [restartedMain] org.hibernate.type.BasicTypeRegistry     : Adding type registration float -> org.hibernate.type.BasicTypeReference@3b9b0abe
2026-05-04T20:18:48.212-03:00 DEBUG 78226 --- [api-externa-backend] [restartedMain] org.hibernate.type.BasicTypeRegistry     : Adding type registration java.lang.Float -> org.hibernate.type.BasicTypeReference@3b9b0abe
2026-05-04T20:18:48.212-03:00 DEBUG 78226 --- [api-externa-backend] [restartedMain] org.hibernate.type.BasicTypeRegistry     : Adding type registration double -> org.hibernate.type.BasicTypeReference@7bf1f50a
2026-05-04T20:18:48.212-03:00 DEBUG 78226 --- [api-externa-backend] [restartedMain] org.hibernate.type.BasicTypeRegistry     : Adding type registration double -> org.hibernate.type.BasicTypeReference@7bf1f50a
2026-05-04T20:18:48.212-03:00 DEBUG 78226 --- [api-externa-backend] [restartedMain] org.hibernate.type.BasicTypeRegistry     : Adding type registration java.lang.Double -> org.hibernate.type.BasicTypeReference@7bf1f50a
2026-05-04T20:18:48.212-03:00 DEBUG 78226 --- [api-externa-backend] [restartedMain] org.hibernate.type.BasicTypeRegistry     : Adding type registration big_integer -> org.hibernate.type.BasicTypeReference@400caad4
2026-05-04T20:18:48.212-03:00 DEBUG 78226 --- [api-externa-backend] [restartedMain] org.hibernate.type.BasicTypeRegistry     : Adding type registration java.math.BigInteger -> org.hibernate.type.BasicTypeReference@400caad4
2026-05-04T20:18:48.212-03:00 DEBUG 78226 --- [api-externa-backend] [restartedMain] org.hibernate.type.BasicTypeRegistry     : Adding type registration big_decimal -> org.hibernate.type.BasicTypeReference@1f9324ba
2026-05-04T20:18:48.212-03:00 DEBUG 78226 --- [api-externa-backend] [restartedMain] org.hibernate.type.BasicTypeRegistry     : Adding type registration java.math.BigDecimal -> org.hibernate.type.BasicTypeReference@1f9324ba
2026-05-04T20:18:48.212-03:00 DEBUG 78226 --- [api-externa-backend] [restartedMain] org.hibernate.type.BasicTypeRegistry     : Adding type registration character -> org.hibernate.type.BasicTypeReference@7cbe030c
2026-05-04T20:18:48.212-03:00 DEBUG 78226 --- [api-externa-backend] [restartedMain] org.hibernate.type.BasicTypeRegistry     : Adding type registration char -> org.hibernate.type.BasicTypeReference@7cbe030c
2026-05-04T20:18:48.213-03:00 DEBUG 78226 --- [api-externa-backend] [restartedMain] org.hibernate.type.BasicTypeRegistry     : Adding type registration java.lang.Character -> org.hibernate.type.BasicTypeReference@7cbe030c
2026-05-04T20:18:48.213-03:00 DEBUG 78226 --- [api-externa-backend] [restartedMain] org.hibernate.type.BasicTypeRegistry     : Adding type registration character_nchar -> org.hibernate.type.BasicTypeReference@813f034
2026-05-04T20:18:48.213-03:00 DEBUG 78226 --- [api-externa-backend] [restartedMain] org.hibernate.type.BasicTypeRegistry     : Adding type registration string -> org.hibernate.type.BasicTypeReference@2d6cb1e8
2026-05-04T20:18:48.213-03:00 DEBUG 78226 --- [api-externa-backend] [restartedMain] org.hibernate.type.BasicTypeRegistry     : Adding type registration java.lang.String -> org.hibernate.type.BasicTypeReference@2d6cb1e8
2026-05-04T20:18:48.213-03:00 DEBUG 78226 --- [api-externa-backend] [restartedMain] org.hibernate.type.BasicTypeRegistry     : Adding type registration nstring -> org.hibernate.type.BasicTypeReference@2bdce60b
2026-05-04T20:18:48.213-03:00 DEBUG 78226 --- [api-externa-backend] [restartedMain] org.hibernate.type.BasicTypeRegistry     : Adding type registration characters -> org.hibernate.type.BasicTypeReference@27f6361f
2026-05-04T20:18:48.213-03:00 DEBUG 78226 --- [api-externa-backend] [restartedMain] org.hibernate.type.BasicTypeRegistry     : Adding type registration char[] -> org.hibernate.type.BasicTypeReference@27f6361f
2026-05-04T20:18:48.213-03:00 DEBUG 78226 --- [api-externa-backend] [restartedMain] org.hibernate.type.BasicTypeRegistry     : Adding type registration [C -> org.hibernate.type.BasicTypeReference@27f6361f
2026-05-04T20:18:48.213-03:00 DEBUG 78226 --- [api-externa-backend] [restartedMain] org.hibernate.type.BasicTypeRegistry     : Adding type registration wrapper-characters -> org.hibernate.type.BasicTypeReference@3073f085
2026-05-04T20:18:48.213-03:00 DEBUG 78226 --- [api-externa-backend] [restartedMain] org.hibernate.type.BasicTypeRegistry     : Adding type registration text -> org.hibernate.type.BasicTypeReference@7858e492
2026-05-04T20:18:48.213-03:00 DEBUG 78226 --- [api-externa-backend] [restartedMain] org.hibernate.type.BasicTypeRegistry     : Adding type registration ntext -> org.hibernate.type.BasicTypeReference@34f8a92c
2026-05-04T20:18:48.213-03:00 DEBUG 78226 --- [api-externa-backend] [restartedMain] org.hibernate.type.BasicTypeRegistry     : Adding type registration clob -> org.hibernate.type.BasicTypeReference@22283762
2026-05-04T20:18:48.213-03:00 DEBUG 78226 --- [api-externa-backend] [restartedMain] org.hibernate.type.BasicTypeRegistry     : Adding type registration java.sql.Clob -> org.hibernate.type.BasicTypeReference@22283762
2026-05-04T20:18:48.213-03:00 DEBUG 78226 --- [api-externa-backend] [restartedMain] org.hibernate.type.BasicTypeRegistry     : Adding type registration nclob -> org.hibernate.type.BasicTypeReference@d701c7a
2026-05-04T20:18:48.213-03:00 DEBUG 78226 --- [api-externa-backend] [restartedMain] org.hibernate.type.BasicTypeRegistry     : Adding type registration java.sql.NClob -> org.hibernate.type.BasicTypeReference@d701c7a
2026-05-04T20:18:48.213-03:00 DEBUG 78226 --- [api-externa-backend] [restartedMain] org.hibernate.type.BasicTypeRegistry     : Adding type registration materialized_clob -> org.hibernate.type.BasicTypeReference@32330532
2026-05-04T20:18:48.213-03:00 DEBUG 78226 --- [api-externa-backend] [restartedMain] org.hibernate.type.BasicTypeRegistry     : Adding type registration materialized_clob_char_array -> org.hibernate.type.BasicTypeReference@43f36b91
2026-05-04T20:18:48.213-03:00 DEBUG 78226 --- [api-externa-backend] [restartedMain] org.hibernate.type.BasicTypeRegistry     : Adding type registration materialized_clob_character_array -> org.hibernate.type.BasicTypeReference@2003c7aa
2026-05-04T20:18:48.213-03:00 DEBUG 78226 --- [api-externa-backend] [restartedMain] org.hibernate.type.BasicTypeRegistry     : Adding type registration materialized_nclob -> org.hibernate.type.BasicTypeReference@2d9d8c1c
2026-05-04T20:18:48.213-03:00 DEBUG 78226 --- [api-externa-backend] [restartedMain] org.hibernate.type.BasicTypeRegistry     : Adding type registration materialized_nclob_character_array -> org.hibernate.type.BasicTypeReference@7ad1608
2026-05-04T20:18:48.213-03:00 DEBUG 78226 --- [api-externa-backend] [restartedMain] org.hibernate.type.BasicTypeRegistry     : Adding type registration materialized_nclob_char_array -> org.hibernate.type.BasicTypeReference@5f5a4a8f
2026-05-04T20:18:48.213-03:00 DEBUG 78226 --- [api-externa-backend] [restartedMain] org.hibernate.type.BasicTypeRegistry     : Adding type registration Duration -> org.hibernate.type.BasicTypeReference@61daf859
2026-05-04T20:18:48.213-03:00 DEBUG 78226 --- [api-externa-backend] [restartedMain] org.hibernate.type.BasicTypeRegistry     : Adding type registration java.time.Duration -> org.hibernate.type.BasicTypeReference@61daf859
2026-05-04T20:18:48.213-03:00 DEBUG 78226 --- [api-externa-backend] [restartedMain] org.hibernate.type.BasicTypeRegistry     : Adding type registration LocalDateTime -> org.hibernate.type.BasicTypeReference@20666512
2026-05-04T20:18:48.213-03:00 DEBUG 78226 --- [api-externa-backend] [restartedMain] org.hibernate.type.BasicTypeRegistry     : Adding type registration java.time.LocalDateTime -> org.hibernate.type.BasicTypeReference@20666512
2026-05-04T20:18:48.213-03:00 DEBUG 78226 --- [api-externa-backend] [restartedMain] org.hibernate.type.BasicTypeRegistry     : Adding type registration LocalDate -> org.hibernate.type.BasicTypeReference@4f942a40
2026-05-04T20:18:48.213-03:00 DEBUG 78226 --- [api-externa-backend] [restartedMain] org.hibernate.type.BasicTypeRegistry     : Adding type registration java.time.LocalDate -> org.hibernate.type.BasicTypeReference@4f942a40
2026-05-04T20:18:48.213-03:00 DEBUG 78226 --- [api-externa-backend] [restartedMain] org.hibernate.type.BasicTypeRegistry     : Adding type registration LocalTime -> org.hibernate.type.BasicTypeReference@42970f0f
2026-05-04T20:18:48.213-03:00 DEBUG 78226 --- [api-externa-backend] [restartedMain] org.hibernate.type.BasicTypeRegistry     : Adding type registration java.time.LocalTime -> org.hibernate.type.BasicTypeReference@42970f0f
2026-05-04T20:18:48.213-03:00 DEBUG 78226 --- [api-externa-backend] [restartedMain] org.hibernate.type.BasicTypeRegistry     : Adding type registration OffsetDateTime -> org.hibernate.type.BasicTypeReference@74393f34
2026-05-04T20:18:48.213-03:00 DEBUG 78226 --- [api-externa-backend] [restartedMain] org.hibernate.type.BasicTypeRegistry     : Adding type registration java.time.OffsetDateTime -> org.hibernate.type.BasicTypeReference@74393f34
2026-05-04T20:18:48.213-03:00 DEBUG 78226 --- [api-externa-backend] [restartedMain] org.hibernate.type.BasicTypeRegistry     : Adding type registration OffsetDateTimeWithTimezone -> org.hibernate.type.BasicTypeReference@67648a54
2026-05-04T20:18:48.213-03:00 DEBUG 78226 --- [api-externa-backend] [restartedMain] org.hibernate.type.BasicTypeRegistry     : Adding type registration OffsetDateTimeWithoutTimezone -> org.hibernate.type.BasicTypeReference@9cc6ad2
2026-05-04T20:18:48.213-03:00 DEBUG 78226 --- [api-externa-backend] [restartedMain] org.hibernate.type.BasicTypeRegistry     : Adding type registration OffsetTime -> org.hibernate.type.BasicTypeReference@7359f393
2026-05-04T20:18:48.213-03:00 DEBUG 78226 --- [api-externa-backend] [restartedMain] org.hibernate.type.BasicTypeRegistry     : Adding type registration java.time.OffsetTime -> org.hibernate.type.BasicTypeReference@7359f393
2026-05-04T20:18:48.213-03:00 DEBUG 78226 --- [api-externa-backend] [restartedMain] org.hibernate.type.BasicTypeRegistry     : Adding type registration OffsetTimeUtc -> org.hibernate.type.BasicTypeReference@4e24a253
2026-05-04T20:18:48.213-03:00 DEBUG 78226 --- [api-externa-backend] [restartedMain] org.hibernate.type.BasicTypeRegistry     : Adding type registration OffsetTimeWithTimezone -> org.hibernate.type.BasicTypeReference@d51a7e9
2026-05-04T20:18:48.213-03:00 DEBUG 78226 --- [api-externa-backend] [restartedMain] org.hibernate.type.BasicTypeRegistry     : Adding type registration OffsetTimeWithoutTimezone -> org.hibernate.type.BasicTypeReference@67a1d66b
2026-05-04T20:18:48.213-03:00 DEBUG 78226 --- [api-externa-backend] [restartedMain] org.hibernate.type.BasicTypeRegistry     : Adding type registration ZonedDateTime -> org.hibernate.type.BasicTypeReference@5bd86467
2026-05-04T20:18:48.213-03:00 DEBUG 78226 --- [api-externa-backend] [restartedMain] org.hibernate.type.BasicTypeRegistry     : Adding type registration java.time.ZonedDateTime -> org.hibernate.type.BasicTypeReference@5bd86467
2026-05-04T20:18:48.213-03:00 DEBUG 78226 --- [api-externa-backend] [restartedMain] org.hibernate.type.BasicTypeRegistry     : Adding type registration ZonedDateTimeWithTimezone -> org.hibernate.type.BasicTypeReference@30056375
2026-05-04T20:18:48.213-03:00 DEBUG 78226 --- [api-externa-backend] [restartedMain] org.hibernate.type.BasicTypeRegistry     : Adding type registration ZonedDateTimeWithoutTimezone -> org.hibernate.type.BasicTypeReference@306bf473
2026-05-04T20:18:48.213-03:00 DEBUG 78226 --- [api-externa-backend] [restartedMain] org.hibernate.type.BasicTypeRegistry     : Adding type registration date -> org.hibernate.type.BasicTypeReference@59907e9b
2026-05-04T20:18:48.213-03:00 DEBUG 78226 --- [api-externa-backend] [restartedMain] org.hibernate.type.BasicTypeRegistry     : Adding type registration java.sql.Date -> org.hibernate.type.BasicTypeReference@59907e9b
2026-05-04T20:18:48.213-03:00 DEBUG 78226 --- [api-externa-backend] [restartedMain] org.hibernate.type.BasicTypeRegistry     : Adding type registration time -> org.hibernate.type.BasicTypeReference@41f3d292
2026-05-04T20:18:48.213-03:00 DEBUG 78226 --- [api-externa-backend] [restartedMain] org.hibernate.type.BasicTypeRegistry     : Adding type registration java.sql.Time -> org.hibernate.type.BasicTypeReference@41f3d292
2026-05-04T20:18:48.213-03:00 DEBUG 78226 --- [api-externa-backend] [restartedMain] org.hibernate.type.BasicTypeRegistry     : Adding type registration timestamp -> org.hibernate.type.BasicTypeReference@5a761f12
2026-05-04T20:18:48.213-03:00 DEBUG 78226 --- [api-externa-backend] [restartedMain] org.hibernate.type.BasicTypeRegistry     : Adding type registration java.sql.Timestamp -> org.hibernate.type.BasicTypeReference@5a761f12
2026-05-04T20:18:48.213-03:00 DEBUG 78226 --- [api-externa-backend] [restartedMain] org.hibernate.type.BasicTypeRegistry     : Adding type registration java.util.Date -> org.hibernate.type.BasicTypeReference@5a761f12
2026-05-04T20:18:48.213-03:00 DEBUG 78226 --- [api-externa-backend] [restartedMain] org.hibernate.type.BasicTypeRegistry     : Adding type registration calendar -> org.hibernate.type.BasicTypeReference@3551b043
2026-05-04T20:18:48.213-03:00 DEBUG 78226 --- [api-externa-backend] [restartedMain] org.hibernate.type.BasicTypeRegistry     : Adding type registration java.util.Calendar -> org.hibernate.type.BasicTypeReference@3551b043
2026-05-04T20:18:48.213-03:00 DEBUG 78226 --- [api-externa-backend] [restartedMain] org.hibernate.type.BasicTypeRegistry     : Adding type registration java.util.GregorianCalendar -> org.hibernate.type.BasicTypeReference@3551b043
2026-05-04T20:18:48.213-03:00 DEBUG 78226 --- [api-externa-backend] [restartedMain] org.hibernate.type.BasicTypeRegistry     : Adding type registration calendar_date -> org.hibernate.type.BasicTypeReference@6fef64d4
2026-05-04T20:18:48.213-03:00 DEBUG 78226 --- [api-externa-backend] [restartedMain] org.hibernate.type.BasicTypeRegistry     : Adding type registration calendar_time -> org.hibernate.type.BasicTypeReference@30d74cf9
2026-05-04T20:18:48.213-03:00 DEBUG 78226 --- [api-externa-backend] [restartedMain] org.hibernate.type.BasicTypeRegistry     : Adding type registration instant -> org.hibernate.type.BasicTypeReference@5ab34b7e
2026-05-04T20:18:48.213-03:00 DEBUG 78226 --- [api-externa-backend] [restartedMain] org.hibernate.type.BasicTypeRegistry     : Adding type registration java.time.Instant -> org.hibernate.type.BasicTypeReference@5ab34b7e
2026-05-04T20:18:48.213-03:00 DEBUG 78226 --- [api-externa-backend] [restartedMain] org.hibernate.type.BasicTypeRegistry     : Adding type registration uuid -> org.hibernate.type.BasicTypeReference@62582bc3
2026-05-04T20:18:48.213-03:00 DEBUG 78226 --- [api-externa-backend] [restartedMain] org.hibernate.type.BasicTypeRegistry     : Adding type registration java.util.UUID -> org.hibernate.type.BasicTypeReference@62582bc3
2026-05-04T20:18:48.213-03:00 DEBUG 78226 --- [api-externa-backend] [restartedMain] org.hibernate.type.BasicTypeRegistry     : Adding type registration pg-uuid -> org.hibernate.type.BasicTypeReference@62582bc3
2026-05-04T20:18:48.213-03:00 DEBUG 78226 --- [api-externa-backend] [restartedMain] org.hibernate.type.BasicTypeRegistry     : Adding type registration uuid-binary -> org.hibernate.type.BasicTypeReference@76853a98
2026-05-04T20:18:48.213-03:00 DEBUG 78226 --- [api-externa-backend] [restartedMain] org.hibernate.type.BasicTypeRegistry     : Adding type registration uuid-char -> org.hibernate.type.BasicTypeReference@7cbf1035
2026-05-04T20:18:48.213-03:00 DEBUG 78226 --- [api-externa-backend] [restartedMain] org.hibernate.type.BasicTypeRegistry     : Adding type registration class -> org.hibernate.type.BasicTypeReference@3c174c67
2026-05-04T20:18:48.213-03:00 DEBUG 78226 --- [api-externa-backend] [restartedMain] org.hibernate.type.BasicTypeRegistry     : Adding type registration java.lang.Class -> org.hibernate.type.BasicTypeReference@3c174c67
2026-05-04T20:18:48.213-03:00 DEBUG 78226 --- [api-externa-backend] [restartedMain] org.hibernate.type.BasicTypeRegistry     : Adding type registration currency -> org.hibernate.type.BasicTypeReference@1f327e15
2026-05-04T20:18:48.213-03:00 DEBUG 78226 --- [api-externa-backend] [restartedMain] org.hibernate.type.BasicTypeRegistry     : Adding type registration Currency -> org.hibernate.type.BasicTypeReference@1f327e15
2026-05-04T20:18:48.213-03:00 DEBUG 78226 --- [api-externa-backend] [restartedMain] org.hibernate.type.BasicTypeRegistry     : Adding type registration java.util.Currency -> org.hibernate.type.BasicTypeReference@1f327e15
2026-05-04T20:18:48.213-03:00 DEBUG 78226 --- [api-externa-backend] [restartedMain] org.hibernate.type.BasicTypeRegistry     : Adding type registration locale -> org.hibernate.type.BasicTypeReference@40bcd691
2026-05-04T20:18:48.213-03:00 DEBUG 78226 --- [api-externa-backend] [restartedMain] org.hibernate.type.BasicTypeRegistry     : Adding type registration java.util.Locale -> org.hibernate.type.BasicTypeReference@40bcd691
2026-05-04T20:18:48.213-03:00 DEBUG 78226 --- [api-externa-backend] [restartedMain] org.hibernate.type.BasicTypeRegistry     : Adding type registration serializable -> org.hibernate.type.BasicTypeReference@4406480b
2026-05-04T20:18:48.213-03:00 DEBUG 78226 --- [api-externa-backend] [restartedMain] org.hibernate.type.BasicTypeRegistry     : Adding type registration java.io.Serializable -> org.hibernate.type.BasicTypeReference@4406480b
2026-05-04T20:18:48.213-03:00 DEBUG 78226 --- [api-externa-backend] [restartedMain] org.hibernate.type.BasicTypeRegistry     : Adding type registration timezone -> org.hibernate.type.BasicTypeReference@42f44098
2026-05-04T20:18:48.213-03:00 DEBUG 78226 --- [api-externa-backend] [restartedMain] org.hibernate.type.BasicTypeRegistry     : Adding type registration java.util.TimeZone -> org.hibernate.type.BasicTypeReference@42f44098
2026-05-04T20:18:48.213-03:00 DEBUG 78226 --- [api-externa-backend] [restartedMain] org.hibernate.type.BasicTypeRegistry     : Adding type registration ZoneOffset -> org.hibernate.type.BasicTypeReference@4eba4c05
2026-05-04T20:18:48.213-03:00 DEBUG 78226 --- [api-externa-backend] [restartedMain] org.hibernate.type.BasicTypeRegistry     : Adding type registration java.time.ZoneOffset -> org.hibernate.type.BasicTypeReference@4eba4c05
2026-05-04T20:18:48.213-03:00 DEBUG 78226 --- [api-externa-backend] [restartedMain] org.hibernate.type.BasicTypeRegistry     : Adding type registration url -> org.hibernate.type.BasicTypeReference@6894131d
2026-05-04T20:18:48.213-03:00 DEBUG 78226 --- [api-externa-backend] [restartedMain] org.hibernate.type.BasicTypeRegistry     : Adding type registration java.net.URL -> org.hibernate.type.BasicTypeReference@6894131d
2026-05-04T20:18:48.213-03:00 DEBUG 78226 --- [api-externa-backend] [restartedMain] org.hibernate.type.BasicTypeRegistry     : Adding type registration vector -> org.hibernate.type.BasicTypeReference@1ea44814
2026-05-04T20:18:48.213-03:00 DEBUG 78226 --- [api-externa-backend] [restartedMain] org.hibernate.type.BasicTypeRegistry     : Adding type registration float_vector -> org.hibernate.type.BasicTypeReference@7e343bd8
2026-05-04T20:18:48.213-03:00 DEBUG 78226 --- [api-externa-backend] [restartedMain] org.hibernate.type.BasicTypeRegistry     : Adding type registration double_vector -> org.hibernate.type.BasicTypeReference@62728a7f
2026-05-04T20:18:48.213-03:00 DEBUG 78226 --- [api-externa-backend] [restartedMain] org.hibernate.type.BasicTypeRegistry     : Adding type registration byte_vector -> org.hibernate.type.BasicTypeReference@2ab661d7
2026-05-04T20:18:48.213-03:00 DEBUG 78226 --- [api-externa-backend] [restartedMain] org.hibernate.type.BasicTypeRegistry     : Adding type registration row_version -> org.hibernate.type.BasicTypeReference@166e687d
2026-05-04T20:18:48.213-03:00 DEBUG 78226 --- [api-externa-backend] [restartedMain] org.hibernate.type.BasicTypeRegistry     : Adding type registration object -> org.hibernate.type.JavaObjectType@22c2c52e
2026-05-04T20:18:48.213-03:00 DEBUG 78226 --- [api-externa-backend] [restartedMain] org.hibernate.type.BasicTypeRegistry     : Adding type registration java.lang.Object -> org.hibernate.type.JavaObjectType@22c2c52e
2026-05-04T20:18:48.213-03:00 DEBUG 78226 --- [api-externa-backend] [restartedMain] org.hibernate.type.BasicTypeRegistry     : Adding type registration null -> org.hibernate.type.NullType@6b1585aa
2026-05-04T20:18:48.213-03:00 DEBUG 78226 --- [api-externa-backend] [restartedMain] org.hibernate.type.BasicTypeRegistry     : Adding type registration imm_date -> org.hibernate.type.BasicTypeReference@1d321715
2026-05-04T20:18:48.213-03:00 DEBUG 78226 --- [api-externa-backend] [restartedMain] org.hibernate.type.BasicTypeRegistry     : Adding type registration imm_time -> org.hibernate.type.BasicTypeReference@6fcb8f3c
2026-05-04T20:18:48.213-03:00 DEBUG 78226 --- [api-externa-backend] [restartedMain] org.hibernate.type.BasicTypeRegistry     : Adding type registration imm_timestamp -> org.hibernate.type.BasicTypeReference@7fc693ee
2026-05-04T20:18:48.213-03:00 DEBUG 78226 --- [api-externa-backend] [restartedMain] org.hibernate.type.BasicTypeRegistry     : Adding type registration imm_calendar -> org.hibernate.type.BasicTypeReference@7911a797
2026-05-04T20:18:48.213-03:00 DEBUG 78226 --- [api-externa-backend] [restartedMain] org.hibernate.type.BasicTypeRegistry     : Adding type registration imm_calendar_date -> org.hibernate.type.BasicTypeReference@74168d1f
2026-05-04T20:18:48.213-03:00 DEBUG 78226 --- [api-externa-backend] [restartedMain] org.hibernate.type.BasicTypeRegistry     : Adding type registration imm_calendar_time -> org.hibernate.type.BasicTypeReference@47175ece
2026-05-04T20:18:48.213-03:00 DEBUG 78226 --- [api-externa-backend] [restartedMain] org.hibernate.type.BasicTypeRegistry     : Adding type registration imm_binary -> org.hibernate.type.BasicTypeReference@c05fc21
2026-05-04T20:18:48.213-03:00 DEBUG 78226 --- [api-externa-backend] [restartedMain] org.hibernate.type.BasicTypeRegistry     : Adding type registration imm_serializable -> org.hibernate.type.BasicTypeReference@785cdf29
2026-05-04T20:18:48.216-03:00  INFO 78226 --- [api-externa-backend] [restartedMain] o.s.o.j.p.SpringPersistenceUnitInfo      : No LoadTimeWeaver setup: ignoring JPA class transformer
2026-05-04T20:18:48.217-03:00  INFO 78226 --- [api-externa-backend] [restartedMain] org.hibernate.orm.connections.pooling    : HHH10001005: Database info:
	Database JDBC URL [Connecting through datasource 'HikariDataSource (HikariPool-4)']
	Database driver: undefined/unknown
	Database version: 2.3.232
	Autocommit mode: undefined/unknown
	Isolation level: undefined/unknown
	Minimum pool size: undefined/unknown
	Maximum pool size: undefined/unknown
2026-05-04T20:18:48.217-03:00 DEBUG 78226 --- [api-externa-backend] [restartedMain] o.h.t.d.jdbc.spi.JdbcTypeRegistry        : addDescriptor(NCharTypeDescriptor) replaced previous registration(CharTypeDescriptor)
2026-05-04T20:18:48.217-03:00 DEBUG 78226 --- [api-externa-backend] [restartedMain] o.h.t.d.jdbc.spi.JdbcTypeRegistry        : addDescriptor(NVarcharTypeDescriptor) replaced previous registration(VarcharTypeDescriptor)
2026-05-04T20:18:48.217-03:00 DEBUG 78226 --- [api-externa-backend] [restartedMain] o.h.t.d.jdbc.spi.JdbcTypeRegistry        : addDescriptor(LongNVarcharTypeDescriptor) replaced previous registration(LongVarcharTypeDescriptor)
2026-05-04T20:18:48.217-03:00 DEBUG 78226 --- [api-externa-backend] [restartedMain] o.h.t.d.jdbc.spi.JdbcTypeRegistry        : addDescriptor(NClobTypeDescriptor(DEFAULT)) replaced previous registration(ClobTypeDescriptor(DEFAULT))
2026-05-04T20:18:48.217-03:00 DEBUG 78226 --- [api-externa-backend] [restartedMain] o.h.t.d.jdbc.spi.JdbcTypeRegistry        : addDescriptor(TimestampUtcDescriptor) replaced previous registration(TimestampUtcDescriptor)
2026-05-04T20:18:48.217-03:00 DEBUG 78226 --- [api-externa-backend] [restartedMain] org.hibernate.type.BasicTypeRegistry     : Adding type registration org.hibernate.type.DurationType -> basicType@58(java.time.Duration,3015)
2026-05-04T20:18:48.217-03:00 DEBUG 78226 --- [api-externa-backend] [restartedMain] org.hibernate.type.BasicTypeRegistry     : Adding type registration Duration -> basicType@58(java.time.Duration,3015)
2026-05-04T20:18:48.217-03:00 DEBUG 78226 --- [api-externa-backend] [restartedMain] org.hibernate.type.BasicTypeRegistry     : Adding type registration java.time.Duration -> basicType@58(java.time.Duration,3015)
2026-05-04T20:18:48.217-03:00 DEBUG 78226 --- [api-externa-backend] [restartedMain] o.h.type.spi.TypeConfiguration$Scope     : Scoping TypeConfiguration [org.hibernate.type.spi.TypeConfiguration@6a1a6c53] to MetadataBuildingContext [org.hibernate.boot.internal.MetadataBuildingContextRootImpl@7d7e76be]
2026-05-04T20:18:48.234-03:00  INFO 78226 --- [api-externa-backend] [restartedMain] o.h.e.t.j.p.i.JtaPlatformInitiator       : HHH000489: No JTA platform available (set 'hibernate.transaction.jta.platform' to enable JTA platform integration)
2026-05-04T20:18:48.234-03:00 DEBUG 78226 --- [api-externa-backend] [restartedMain] o.h.type.spi.TypeConfiguration$Scope     : Scoping TypeConfiguration [org.hibernate.type.spi.TypeConfiguration@6a1a6c53] to SessionFactoryImplementor [org.hibernate.internal.SessionFactoryImpl@6e48ea5d]
2026-05-04T20:18:48.234-03:00 DEBUG 78226 --- [api-externa-backend] [restartedMain] org.hibernate.SQL                        : 
    drop table if exists tb_acao cascade 
2026-05-04T20:18:48.234-03:00 DEBUG 78226 --- [api-externa-backend] [restartedMain] org.hibernate.SQL                        : 
    drop table if exists tb_corretora cascade 
2026-05-04T20:18:48.234-03:00 DEBUG 78226 --- [api-externa-backend] [restartedMain] org.hibernate.SQL                        : 
    drop sequence if exists seq_acao
2026-05-04T20:18:48.234-03:00 DEBUG 78226 --- [api-externa-backend] [restartedMain] org.hibernate.SQL                        : 
    drop sequence if exists seq_corretora
2026-05-04T20:18:48.234-03:00 DEBUG 78226 --- [api-externa-backend] [restartedMain] org.hibernate.SQL                        : 
    create sequence seq_acao start with 1 increment by 1
2026-05-04T20:18:48.235-03:00 DEBUG 78226 --- [api-externa-backend] [restartedMain] org.hibernate.SQL                        : 
    create sequence seq_corretora start with 1 increment by 1
2026-05-04T20:18:48.235-03:00 DEBUG 78226 --- [api-externa-backend] [restartedMain] org.hibernate.SQL                        : 
    create table tb_acao (
        cotacao_atual numeric(19,4),
        data_hora_cotacao timestamp(6),
        id bigint not null,
        mercado varchar(255) not null,
        moeda varchar(255) not null,
        nome_empresa varchar(255),
        ticker varchar(255) not null unique,
        primary key (id)
    )
2026-05-04T20:18:48.235-03:00 DEBUG 78226 --- [api-externa-backend] [restartedMain] org.hibernate.SQL                        : 
    create table tb_corretora (
        uf varchar(2),
        validada_na_cvm boolean not null,
        cep varchar(8),
        data_cadastro timestamp(6) not null,
        id bigint not null,
        numero varchar(10),
        cnpj varchar(14) not null unique,
        situacao_cadastral varchar(30),
        telefone varchar(30),
        bairro varchar(50),
        cidade varchar(50),
        complemento varchar(100),
        email varchar(100),
        logradouro varchar(100),
        nome_fantasia varchar(100),
        razao_social varchar(100) not null,
        primary key (id)
    )
2026-05-04T20:18:48.235-03:00 TRACE 78226 --- [api-externa-backend] [restartedMain] o.h.type.spi.TypeConfiguration$Scope     : Handling #sessionFactoryCreated from [org.hibernate.internal.SessionFactoryImpl@6e48ea5d] for TypeConfiguration
2026-05-04T20:18:48.235-03:00  INFO 78226 --- [api-externa-backend] [restartedMain] j.LocalContainerEntityManagerFactoryBean : Initialized JPA EntityManagerFactory for persistence unit 'default'
2026-05-04T20:18:48.244-03:00  WARN 78226 --- [api-externa-backend] [restartedMain] JpaBaseConfiguration$JpaWebConfiguration : spring.jpa.open-in-view is enabled by default. Therefore, database queries may be performed during view rendering. Explicitly configure spring.jpa.open-in-view to disable this warning
2026-05-04T20:18:48.248-03:00  INFO 78226 --- [api-externa-backend] [restartedMain] o.s.b.d.a.OptionalLiveReloadServer       : LiveReload server is running on port 35729
2026-05-04T20:18:48.307-03:00  INFO 78226 --- [api-externa-backend] [restartedMain] o.s.b.a.h2.H2ConsoleAutoConfiguration    : H2 console available at '/h2-console'. Database available at 'jdbc:h2:mem:cursodb'
2026-05-04T20:18:48.322-03:00  INFO 78226 --- [api-externa-backend] [restartedMain] o.s.b.w.embedded.tomcat.TomcatWebServer  : Tomcat started on port 8080 (http) with context path '/'
2026-05-04T20:18:48.326-03:00  INFO 78226 --- [api-externa-backend] [restartedMain] com.ApiExternaBackendApplication         : Started ApiExternaBackendApplication in 0.29 seconds (process running for 380.545)
2026-05-04T20:18:48.326-03:00  INFO 78226 --- [api-externa-backend] [restartedMain] .ConditionEvaluationDeltaLoggingListener : Condition evaluation unchanged
2026-05-04T20:18:52.760-03:00  INFO 78226 --- [api-externa-backend] [File Watcher] rtingClassPathChangeChangedEventListener : Restarting due to 1 class path change (0 additions, 0 deletions, 1 modification)
2026-05-04T20:18:52.763-03:00  INFO 78226 --- [api-externa-backend] [Thread-22] o.s.b.w.e.tomcat.GracefulShutdown        : Commencing graceful shutdown. Waiting for active requests to complete
2026-05-04T20:18:52.765-03:00  INFO 78226 --- [api-externa-backend] [tomcat-shutdown] o.s.b.w.e.tomcat.GracefulShutdown        : Graceful shutdown complete
2026-05-04T20:18:52.768-03:00  INFO 78226 --- [api-externa-backend] [Thread-22] j.LocalContainerEntityManagerFactoryBean : Closing JPA EntityManagerFactory for persistence unit 'default'
2026-05-04T20:18:52.768-03:00 DEBUG 78226 --- [api-externa-backend] [Thread-22] org.hibernate.SQL                        : 
    drop table if exists tb_acao cascade 
2026-05-04T20:18:52.769-03:00 DEBUG 78226 --- [api-externa-backend] [Thread-22] org.hibernate.SQL                        : 
    drop table if exists tb_corretora cascade 
2026-05-04T20:18:52.769-03:00 DEBUG 78226 --- [api-externa-backend] [Thread-22] org.hibernate.SQL                        : 
    drop sequence if exists seq_acao
2026-05-04T20:18:52.769-03:00 DEBUG 78226 --- [api-externa-backend] [Thread-22] org.hibernate.SQL                        : 
    drop sequence if exists seq_corretora
2026-05-04T20:18:52.770-03:00 TRACE 78226 --- [api-externa-backend] [Thread-22] o.h.type.spi.TypeConfiguration$Scope     : Handling #sessionFactoryClosed from [org.hibernate.internal.SessionFactoryImpl@6e48ea5d] for TypeConfiguration
2026-05-04T20:18:52.770-03:00 DEBUG 78226 --- [api-externa-backend] [Thread-22] o.h.type.spi.TypeConfiguration$Scope     : Un-scoping TypeConfiguration [org.hibernate.type.spi.TypeConfiguration$Scope@30c66f43] from SessionFactory [org.hibernate.internal.SessionFactoryImpl@6e48ea5d]
2026-05-04T20:18:52.770-03:00  WARN 78226 --- [api-externa-backend] [Thread-22] o.s.b.f.support.DisposableBeanAdapter    : Invocation of destroy method failed on bean with name 'inMemoryDatabaseShutdownExecutor': org.h2.jdbc.JdbcSQLNonTransientConnectionException: Database is already closed (to disable automatic closing at VM shutdown, add ";DB_CLOSE_ON_EXIT=FALSE" to the db URL) [90121-232]
2026-05-04T20:18:52.770-03:00  INFO 78226 --- [api-externa-backend] [Thread-22] com.zaxxer.hikari.HikariDataSource       : HikariPool-4 - Shutdown initiated...
2026-05-04T20:18:52.771-03:00  INFO 78226 --- [api-externa-backend] [Thread-22] com.zaxxer.hikari.HikariDataSource       : HikariPool-4 - Shutdown completed.
2026-05-04T20:18:52.814-03:00  INFO 78226 --- [api-externa-backend] [restartedMain] com.ApiExternaBackendApplication         : Starting ApiExternaBackendApplication using Java 17.0.16 with PID 78226 (/Users/lucas/Documents/Programacao/Spring/api-externa-backend/target/classes started by lucas in /Users/lucas/Documents/Programacao/Spring/api-externa-backend)
2026-05-04T20:18:52.815-03:00  INFO 78226 --- [api-externa-backend] [restartedMain] com.ApiExternaBackendApplication         : The following 1 profile is active: "test"
2026-05-04T20:18:52.905-03:00  INFO 78226 --- [api-externa-backend] [restartedMain] .s.d.r.c.RepositoryConfigurationDelegate : Bootstrapping Spring Data JPA repositories in DEFAULT mode.
2026-05-04T20:18:52.917-03:00  INFO 78226 --- [api-externa-backend] [restartedMain] .s.d.r.c.RepositoryConfigurationDelegate : Finished Spring Data repository scanning in 11 ms. Found 2 JPA repository interfaces.
2026-05-04T20:18:52.928-03:00  INFO 78226 --- [api-externa-backend] [restartedMain] o.s.cloud.context.scope.GenericScope     : BeanFactory id=94ec2bbb-6b48-336a-a5b1-3dab0d29d059
2026-05-04T20:18:52.947-03:00  INFO 78226 --- [api-externa-backend] [restartedMain] o.s.b.w.embedded.tomcat.TomcatWebServer  : Tomcat initialized with port 8080 (http)
2026-05-04T20:18:52.947-03:00  INFO 78226 --- [api-externa-backend] [restartedMain] o.apache.catalina.core.StandardService   : Starting service [Tomcat]
2026-05-04T20:18:52.947-03:00  INFO 78226 --- [api-externa-backend] [restartedMain] o.apache.catalina.core.StandardEngine    : Starting Servlet engine: [Apache Tomcat/10.1.40]
2026-05-04T20:18:52.952-03:00  INFO 78226 --- [api-externa-backend] [restartedMain] o.a.c.c.C.[Tomcat].[localhost].[/]       : Initializing Spring embedded WebApplicationContext
2026-05-04T20:18:52.952-03:00  INFO 78226 --- [api-externa-backend] [restartedMain] w.s.c.ServletWebServerApplicationContext : Root WebApplicationContext: initialization completed in 137 ms
2026-05-04T20:18:52.966-03:00  INFO 78226 --- [api-externa-backend] [restartedMain] com.zaxxer.hikari.HikariDataSource       : HikariPool-5 - Starting...
2026-05-04T20:18:52.966-03:00  INFO 78226 --- [api-externa-backend] [restartedMain] com.zaxxer.hikari.pool.HikariPool        : HikariPool-5 - Added connection conn40: url=jdbc:h2:mem:cursodb user=SA
2026-05-04T20:18:52.966-03:00  INFO 78226 --- [api-externa-backend] [restartedMain] com.zaxxer.hikari.HikariDataSource       : HikariPool-5 - Start completed.
2026-05-04T20:18:52.967-03:00  INFO 78226 --- [api-externa-backend] [restartedMain] o.hibernate.jpa.internal.util.LogHelper  : HHH000204: Processing PersistenceUnitInfo [name: default]
2026-05-04T20:18:52.967-03:00  INFO 78226 --- [api-externa-backend] [restartedMain] o.h.c.internal.RegionFactoryInitiator    : HHH000026: Second-level cache disabled
2026-05-04T20:18:52.967-03:00 DEBUG 78226 --- [api-externa-backend] [restartedMain] org.hibernate.type.BasicTypeRegistry     : Adding type registration boolean -> org.hibernate.type.BasicTypeReference@52add362
2026-05-04T20:18:52.967-03:00 DEBUG 78226 --- [api-externa-backend] [restartedMain] org.hibernate.type.BasicTypeRegistry     : Adding type registration boolean -> org.hibernate.type.BasicTypeReference@52add362
2026-05-04T20:18:52.967-03:00 DEBUG 78226 --- [api-externa-backend] [restartedMain] org.hibernate.type.BasicTypeRegistry     : Adding type registration java.lang.Boolean -> org.hibernate.type.BasicTypeReference@52add362
2026-05-04T20:18:52.967-03:00 DEBUG 78226 --- [api-externa-backend] [restartedMain] org.hibernate.type.BasicTypeRegistry     : Adding type registration numeric_boolean -> org.hibernate.type.BasicTypeReference@edbb4c2
2026-05-04T20:18:52.967-03:00 DEBUG 78226 --- [api-externa-backend] [restartedMain] org.hibernate.type.BasicTypeRegistry     : Adding type registration org.hibernate.type.NumericBooleanConverter -> org.hibernate.type.BasicTypeReference@edbb4c2
2026-05-04T20:18:52.967-03:00 DEBUG 78226 --- [api-externa-backend] [restartedMain] org.hibernate.type.BasicTypeRegistry     : Adding type registration true_false -> org.hibernate.type.BasicTypeReference@3d3c1a1e
2026-05-04T20:18:52.967-03:00 DEBUG 78226 --- [api-externa-backend] [restartedMain] org.hibernate.type.BasicTypeRegistry     : Adding type registration org.hibernate.type.TrueFalseConverter -> org.hibernate.type.BasicTypeReference@3d3c1a1e
2026-05-04T20:18:52.967-03:00 DEBUG 78226 --- [api-externa-backend] [restartedMain] org.hibernate.type.BasicTypeRegistry     : Adding type registration yes_no -> org.hibernate.type.BasicTypeReference@7c69ac44
2026-05-04T20:18:52.967-03:00 DEBUG 78226 --- [api-externa-backend] [restartedMain] org.hibernate.type.BasicTypeRegistry     : Adding type registration org.hibernate.type.YesNoConverter -> org.hibernate.type.BasicTypeReference@7c69ac44
2026-05-04T20:18:52.967-03:00 DEBUG 78226 --- [api-externa-backend] [restartedMain] org.hibernate.type.BasicTypeRegistry     : Adding type registration byte -> org.hibernate.type.BasicTypeReference@40e34668
2026-05-04T20:18:52.967-03:00 DEBUG 78226 --- [api-externa-backend] [restartedMain] org.hibernate.type.BasicTypeRegistry     : Adding type registration byte -> org.hibernate.type.BasicTypeReference@40e34668
2026-05-04T20:18:52.967-03:00 DEBUG 78226 --- [api-externa-backend] [restartedMain] org.hibernate.type.BasicTypeRegistry     : Adding type registration java.lang.Byte -> org.hibernate.type.BasicTypeReference@40e34668
2026-05-04T20:18:52.967-03:00 DEBUG 78226 --- [api-externa-backend] [restartedMain] org.hibernate.type.BasicTypeRegistry     : Adding type registration binary -> org.hibernate.type.BasicTypeReference@13cd9712
2026-05-04T20:18:52.967-03:00 DEBUG 78226 --- [api-externa-backend] [restartedMain] org.hibernate.type.BasicTypeRegistry     : Adding type registration byte[] -> org.hibernate.type.BasicTypeReference@13cd9712
2026-05-04T20:18:52.967-03:00 DEBUG 78226 --- [api-externa-backend] [restartedMain] org.hibernate.type.BasicTypeRegistry     : Adding type registration [B -> org.hibernate.type.BasicTypeReference@13cd9712
2026-05-04T20:18:52.967-03:00 DEBUG 78226 --- [api-externa-backend] [restartedMain] org.hibernate.type.BasicTypeRegistry     : Adding type registration binary_wrapper -> org.hibernate.type.BasicTypeReference@254cd40e
2026-05-04T20:18:52.967-03:00 DEBUG 78226 --- [api-externa-backend] [restartedMain] org.hibernate.type.BasicTypeRegistry     : Adding type registration wrapper-binary -> org.hibernate.type.BasicTypeReference@254cd40e
2026-05-04T20:18:52.967-03:00 DEBUG 78226 --- [api-externa-backend] [restartedMain] org.hibernate.type.BasicTypeRegistry     : Adding type registration image -> org.hibernate.type.BasicTypeReference@5a46b2b2
2026-05-04T20:18:52.967-03:00 DEBUG 78226 --- [api-externa-backend] [restartedMain] org.hibernate.type.BasicTypeRegistry     : Adding type registration blob -> org.hibernate.type.BasicTypeReference@700c220e
2026-05-04T20:18:52.967-03:00 DEBUG 78226 --- [api-externa-backend] [restartedMain] org.hibernate.type.BasicTypeRegistry     : Adding type registration java.sql.Blob -> org.hibernate.type.BasicTypeReference@700c220e
2026-05-04T20:18:52.967-03:00 DEBUG 78226 --- [api-externa-backend] [restartedMain] org.hibernate.type.BasicTypeRegistry     : Adding type registration materialized_blob -> org.hibernate.type.BasicTypeReference@3fe9db4a
2026-05-04T20:18:52.967-03:00 DEBUG 78226 --- [api-externa-backend] [restartedMain] org.hibernate.type.BasicTypeRegistry     : Adding type registration materialized_blob_wrapper -> org.hibernate.type.BasicTypeReference@7cc6841d
2026-05-04T20:18:52.967-03:00 DEBUG 78226 --- [api-externa-backend] [restartedMain] org.hibernate.type.BasicTypeRegistry     : Adding type registration short -> org.hibernate.type.BasicTypeReference@13fa7a15
2026-05-04T20:18:52.967-03:00 DEBUG 78226 --- [api-externa-backend] [restartedMain] org.hibernate.type.BasicTypeRegistry     : Adding type registration short -> org.hibernate.type.BasicTypeReference@13fa7a15
2026-05-04T20:18:52.967-03:00 DEBUG 78226 --- [api-externa-backend] [restartedMain] org.hibernate.type.BasicTypeRegistry     : Adding type registration java.lang.Short -> org.hibernate.type.BasicTypeReference@13fa7a15
2026-05-04T20:18:52.967-03:00 DEBUG 78226 --- [api-externa-backend] [restartedMain] org.hibernate.type.BasicTypeRegistry     : Adding type registration integer -> org.hibernate.type.BasicTypeReference@2f72636
2026-05-04T20:18:52.967-03:00 DEBUG 78226 --- [api-externa-backend] [restartedMain] org.hibernate.type.BasicTypeRegistry     : Adding type registration int -> org.hibernate.type.BasicTypeReference@2f72636
2026-05-04T20:18:52.967-03:00 DEBUG 78226 --- [api-externa-backend] [restartedMain] org.hibernate.type.BasicTypeRegistry     : Adding type registration java.lang.Integer -> org.hibernate.type.BasicTypeReference@2f72636
2026-05-04T20:18:52.967-03:00 DEBUG 78226 --- [api-externa-backend] [restartedMain] org.hibernate.type.BasicTypeRegistry     : Adding type registration long -> org.hibernate.type.BasicTypeReference@73358ea9
2026-05-04T20:18:52.967-03:00 DEBUG 78226 --- [api-externa-backend] [restartedMain] org.hibernate.type.BasicTypeRegistry     : Adding type registration long -> org.hibernate.type.BasicTypeReference@73358ea9
2026-05-04T20:18:52.967-03:00 DEBUG 78226 --- [api-externa-backend] [restartedMain] org.hibernate.type.BasicTypeRegistry     : Adding type registration java.lang.Long -> org.hibernate.type.BasicTypeReference@73358ea9
2026-05-04T20:18:52.967-03:00 DEBUG 78226 --- [api-externa-backend] [restartedMain] org.hibernate.type.BasicTypeRegistry     : Adding type registration float -> org.hibernate.type.BasicTypeReference@3b9b0abe
2026-05-04T20:18:52.967-03:00 DEBUG 78226 --- [api-externa-backend] [restartedMain] org.hibernate.type.BasicTypeRegistry     : Adding type registration float -> org.hibernate.type.BasicTypeReference@3b9b0abe
2026-05-04T20:18:52.967-03:00 DEBUG 78226 --- [api-externa-backend] [restartedMain] org.hibernate.type.BasicTypeRegistry     : Adding type registration java.lang.Float -> org.hibernate.type.BasicTypeReference@3b9b0abe
2026-05-04T20:18:52.967-03:00 DEBUG 78226 --- [api-externa-backend] [restartedMain] org.hibernate.type.BasicTypeRegistry     : Adding type registration double -> org.hibernate.type.BasicTypeReference@7bf1f50a
2026-05-04T20:18:52.967-03:00 DEBUG 78226 --- [api-externa-backend] [restartedMain] org.hibernate.type.BasicTypeRegistry     : Adding type registration double -> org.hibernate.type.BasicTypeReference@7bf1f50a
2026-05-04T20:18:52.967-03:00 DEBUG 78226 --- [api-externa-backend] [restartedMain] org.hibernate.type.BasicTypeRegistry     : Adding type registration java.lang.Double -> org.hibernate.type.BasicTypeReference@7bf1f50a
2026-05-04T20:18:52.967-03:00 DEBUG 78226 --- [api-externa-backend] [restartedMain] org.hibernate.type.BasicTypeRegistry     : Adding type registration big_integer -> org.hibernate.type.BasicTypeReference@400caad4
2026-05-04T20:18:52.967-03:00 DEBUG 78226 --- [api-externa-backend] [restartedMain] org.hibernate.type.BasicTypeRegistry     : Adding type registration java.math.BigInteger -> org.hibernate.type.BasicTypeReference@400caad4
2026-05-04T20:18:52.967-03:00 DEBUG 78226 --- [api-externa-backend] [restartedMain] org.hibernate.type.BasicTypeRegistry     : Adding type registration big_decimal -> org.hibernate.type.BasicTypeReference@1f9324ba
2026-05-04T20:18:52.967-03:00 DEBUG 78226 --- [api-externa-backend] [restartedMain] org.hibernate.type.BasicTypeRegistry     : Adding type registration java.math.BigDecimal -> org.hibernate.type.BasicTypeReference@1f9324ba
2026-05-04T20:18:52.967-03:00 DEBUG 78226 --- [api-externa-backend] [restartedMain] org.hibernate.type.BasicTypeRegistry     : Adding type registration character -> org.hibernate.type.BasicTypeReference@7cbe030c
2026-05-04T20:18:52.967-03:00 DEBUG 78226 --- [api-externa-backend] [restartedMain] org.hibernate.type.BasicTypeRegistry     : Adding type registration char -> org.hibernate.type.BasicTypeReference@7cbe030c
2026-05-04T20:18:52.967-03:00 DEBUG 78226 --- [api-externa-backend] [restartedMain] org.hibernate.type.BasicTypeRegistry     : Adding type registration java.lang.Character -> org.hibernate.type.BasicTypeReference@7cbe030c
2026-05-04T20:18:52.967-03:00 DEBUG 78226 --- [api-externa-backend] [restartedMain] org.hibernate.type.BasicTypeRegistry     : Adding type registration character_nchar -> org.hibernate.type.BasicTypeReference@813f034
2026-05-04T20:18:52.967-03:00 DEBUG 78226 --- [api-externa-backend] [restartedMain] org.hibernate.type.BasicTypeRegistry     : Adding type registration string -> org.hibernate.type.BasicTypeReference@2d6cb1e8
2026-05-04T20:18:52.967-03:00 DEBUG 78226 --- [api-externa-backend] [restartedMain] org.hibernate.type.BasicTypeRegistry     : Adding type registration java.lang.String -> org.hibernate.type.BasicTypeReference@2d6cb1e8
2026-05-04T20:18:52.968-03:00 DEBUG 78226 --- [api-externa-backend] [restartedMain] org.hibernate.type.BasicTypeRegistry     : Adding type registration nstring -> org.hibernate.type.BasicTypeReference@2bdce60b
2026-05-04T20:18:52.968-03:00 DEBUG 78226 --- [api-externa-backend] [restartedMain] org.hibernate.type.BasicTypeRegistry     : Adding type registration characters -> org.hibernate.type.BasicTypeReference@27f6361f
2026-05-04T20:18:52.968-03:00 DEBUG 78226 --- [api-externa-backend] [restartedMain] org.hibernate.type.BasicTypeRegistry     : Adding type registration char[] -> org.hibernate.type.BasicTypeReference@27f6361f
2026-05-04T20:18:52.968-03:00 DEBUG 78226 --- [api-externa-backend] [restartedMain] org.hibernate.type.BasicTypeRegistry     : Adding type registration [C -> org.hibernate.type.BasicTypeReference@27f6361f
2026-05-04T20:18:52.968-03:00 DEBUG 78226 --- [api-externa-backend] [restartedMain] org.hibernate.type.BasicTypeRegistry     : Adding type registration wrapper-characters -> org.hibernate.type.BasicTypeReference@3073f085
2026-05-04T20:18:52.968-03:00 DEBUG 78226 --- [api-externa-backend] [restartedMain] org.hibernate.type.BasicTypeRegistry     : Adding type registration text -> org.hibernate.type.BasicTypeReference@7858e492
2026-05-04T20:18:52.968-03:00 DEBUG 78226 --- [api-externa-backend] [restartedMain] org.hibernate.type.BasicTypeRegistry     : Adding type registration ntext -> org.hibernate.type.BasicTypeReference@34f8a92c
2026-05-04T20:18:52.968-03:00 DEBUG 78226 --- [api-externa-backend] [restartedMain] org.hibernate.type.BasicTypeRegistry     : Adding type registration clob -> org.hibernate.type.BasicTypeReference@22283762
2026-05-04T20:18:52.968-03:00 DEBUG 78226 --- [api-externa-backend] [restartedMain] org.hibernate.type.BasicTypeRegistry     : Adding type registration java.sql.Clob -> org.hibernate.type.BasicTypeReference@22283762
2026-05-04T20:18:52.968-03:00 DEBUG 78226 --- [api-externa-backend] [restartedMain] org.hibernate.type.BasicTypeRegistry     : Adding type registration nclob -> org.hibernate.type.BasicTypeReference@d701c7a
2026-05-04T20:18:52.968-03:00 DEBUG 78226 --- [api-externa-backend] [restartedMain] org.hibernate.type.BasicTypeRegistry     : Adding type registration java.sql.NClob -> org.hibernate.type.BasicTypeReference@d701c7a
2026-05-04T20:18:52.968-03:00 DEBUG 78226 --- [api-externa-backend] [restartedMain] org.hibernate.type.BasicTypeRegistry     : Adding type registration materialized_clob -> org.hibernate.type.BasicTypeReference@32330532
2026-05-04T20:18:52.968-03:00 DEBUG 78226 --- [api-externa-backend] [restartedMain] org.hibernate.type.BasicTypeRegistry     : Adding type registration materialized_clob_char_array -> org.hibernate.type.BasicTypeReference@43f36b91
2026-05-04T20:18:52.968-03:00 DEBUG 78226 --- [api-externa-backend] [restartedMain] org.hibernate.type.BasicTypeRegistry     : Adding type registration materialized_clob_character_array -> org.hibernate.type.BasicTypeReference@2003c7aa
2026-05-04T20:18:52.968-03:00 DEBUG 78226 --- [api-externa-backend] [restartedMain] org.hibernate.type.BasicTypeRegistry     : Adding type registration materialized_nclob -> org.hibernate.type.BasicTypeReference@2d9d8c1c
2026-05-04T20:18:52.968-03:00 DEBUG 78226 --- [api-externa-backend] [restartedMain] org.hibernate.type.BasicTypeRegistry     : Adding type registration materialized_nclob_character_array -> org.hibernate.type.BasicTypeReference@7ad1608
2026-05-04T20:18:52.968-03:00 DEBUG 78226 --- [api-externa-backend] [restartedMain] org.hibernate.type.BasicTypeRegistry     : Adding type registration materialized_nclob_char_array -> org.hibernate.type.BasicTypeReference@5f5a4a8f
2026-05-04T20:18:52.968-03:00 DEBUG 78226 --- [api-externa-backend] [restartedMain] org.hibernate.type.BasicTypeRegistry     : Adding type registration Duration -> org.hibernate.type.BasicTypeReference@61daf859
2026-05-04T20:18:52.968-03:00 DEBUG 78226 --- [api-externa-backend] [restartedMain] org.hibernate.type.BasicTypeRegistry     : Adding type registration java.time.Duration -> org.hibernate.type.BasicTypeReference@61daf859
2026-05-04T20:18:52.968-03:00 DEBUG 78226 --- [api-externa-backend] [restartedMain] org.hibernate.type.BasicTypeRegistry     : Adding type registration LocalDateTime -> org.hibernate.type.BasicTypeReference@20666512
2026-05-04T20:18:52.968-03:00 DEBUG 78226 --- [api-externa-backend] [restartedMain] org.hibernate.type.BasicTypeRegistry     : Adding type registration java.time.LocalDateTime -> org.hibernate.type.BasicTypeReference@20666512
2026-05-04T20:18:52.968-03:00 DEBUG 78226 --- [api-externa-backend] [restartedMain] org.hibernate.type.BasicTypeRegistry     : Adding type registration LocalDate -> org.hibernate.type.BasicTypeReference@4f942a40
2026-05-04T20:18:52.968-03:00 DEBUG 78226 --- [api-externa-backend] [restartedMain] org.hibernate.type.BasicTypeRegistry     : Adding type registration java.time.LocalDate -> org.hibernate.type.BasicTypeReference@4f942a40
2026-05-04T20:18:52.968-03:00 DEBUG 78226 --- [api-externa-backend] [restartedMain] org.hibernate.type.BasicTypeRegistry     : Adding type registration LocalTime -> org.hibernate.type.BasicTypeReference@42970f0f
2026-05-04T20:18:52.968-03:00 DEBUG 78226 --- [api-externa-backend] [restartedMain] org.hibernate.type.BasicTypeRegistry     : Adding type registration java.time.LocalTime -> org.hibernate.type.BasicTypeReference@42970f0f
2026-05-04T20:18:52.968-03:00 DEBUG 78226 --- [api-externa-backend] [restartedMain] org.hibernate.type.BasicTypeRegistry     : Adding type registration OffsetDateTime -> org.hibernate.type.BasicTypeReference@74393f34
2026-05-04T20:18:52.968-03:00 DEBUG 78226 --- [api-externa-backend] [restartedMain] org.hibernate.type.BasicTypeRegistry     : Adding type registration java.time.OffsetDateTime -> org.hibernate.type.BasicTypeReference@74393f34
2026-05-04T20:18:52.968-03:00 DEBUG 78226 --- [api-externa-backend] [restartedMain] org.hibernate.type.BasicTypeRegistry     : Adding type registration OffsetDateTimeWithTimezone -> org.hibernate.type.BasicTypeReference@67648a54
2026-05-04T20:18:52.968-03:00 DEBUG 78226 --- [api-externa-backend] [restartedMain] org.hibernate.type.BasicTypeRegistry     : Adding type registration OffsetDateTimeWithoutTimezone -> org.hibernate.type.BasicTypeReference@9cc6ad2
2026-05-04T20:18:52.968-03:00 DEBUG 78226 --- [api-externa-backend] [restartedMain] org.hibernate.type.BasicTypeRegistry     : Adding type registration OffsetTime -> org.hibernate.type.BasicTypeReference@7359f393
2026-05-04T20:18:52.968-03:00 DEBUG 78226 --- [api-externa-backend] [restartedMain] org.hibernate.type.BasicTypeRegistry     : Adding type registration java.time.OffsetTime -> org.hibernate.type.BasicTypeReference@7359f393
2026-05-04T20:18:52.968-03:00 DEBUG 78226 --- [api-externa-backend] [restartedMain] org.hibernate.type.BasicTypeRegistry     : Adding type registration OffsetTimeUtc -> org.hibernate.type.BasicTypeReference@4e24a253
2026-05-04T20:18:52.968-03:00 DEBUG 78226 --- [api-externa-backend] [restartedMain] org.hibernate.type.BasicTypeRegistry     : Adding type registration OffsetTimeWithTimezone -> org.hibernate.type.BasicTypeReference@d51a7e9
2026-05-04T20:18:52.968-03:00 DEBUG 78226 --- [api-externa-backend] [restartedMain] org.hibernate.type.BasicTypeRegistry     : Adding type registration OffsetTimeWithoutTimezone -> org.hibernate.type.BasicTypeReference@67a1d66b
2026-05-04T20:18:52.968-03:00 DEBUG 78226 --- [api-externa-backend] [restartedMain] org.hibernate.type.BasicTypeRegistry     : Adding type registration ZonedDateTime -> org.hibernate.type.BasicTypeReference@5bd86467
2026-05-04T20:18:52.968-03:00 DEBUG 78226 --- [api-externa-backend] [restartedMain] org.hibernate.type.BasicTypeRegistry     : Adding type registration java.time.ZonedDateTime -> org.hibernate.type.BasicTypeReference@5bd86467
2026-05-04T20:18:52.968-03:00 DEBUG 78226 --- [api-externa-backend] [restartedMain] org.hibernate.type.BasicTypeRegistry     : Adding type registration ZonedDateTimeWithTimezone -> org.hibernate.type.BasicTypeReference@30056375
2026-05-04T20:18:52.968-03:00 DEBUG 78226 --- [api-externa-backend] [restartedMain] org.hibernate.type.BasicTypeRegistry     : Adding type registration ZonedDateTimeWithoutTimezone -> org.hibernate.type.BasicTypeReference@306bf473
2026-05-04T20:18:52.968-03:00 DEBUG 78226 --- [api-externa-backend] [restartedMain] org.hibernate.type.BasicTypeRegistry     : Adding type registration date -> org.hibernate.type.BasicTypeReference@59907e9b
2026-05-04T20:18:52.968-03:00 DEBUG 78226 --- [api-externa-backend] [restartedMain] org.hibernate.type.BasicTypeRegistry     : Adding type registration java.sql.Date -> org.hibernate.type.BasicTypeReference@59907e9b
2026-05-04T20:18:52.968-03:00 DEBUG 78226 --- [api-externa-backend] [restartedMain] org.hibernate.type.BasicTypeRegistry     : Adding type registration time -> org.hibernate.type.BasicTypeReference@41f3d292
2026-05-04T20:18:52.968-03:00 DEBUG 78226 --- [api-externa-backend] [restartedMain] org.hibernate.type.BasicTypeRegistry     : Adding type registration java.sql.Time -> org.hibernate.type.BasicTypeReference@41f3d292
2026-05-04T20:18:52.968-03:00 DEBUG 78226 --- [api-externa-backend] [restartedMain] org.hibernate.type.BasicTypeRegistry     : Adding type registration timestamp -> org.hibernate.type.BasicTypeReference@5a761f12
2026-05-04T20:18:52.968-03:00 DEBUG 78226 --- [api-externa-backend] [restartedMain] org.hibernate.type.BasicTypeRegistry     : Adding type registration java.sql.Timestamp -> org.hibernate.type.BasicTypeReference@5a761f12
2026-05-04T20:18:52.968-03:00 DEBUG 78226 --- [api-externa-backend] [restartedMain] org.hibernate.type.BasicTypeRegistry     : Adding type registration java.util.Date -> org.hibernate.type.BasicTypeReference@5a761f12
2026-05-04T20:18:52.968-03:00 DEBUG 78226 --- [api-externa-backend] [restartedMain] org.hibernate.type.BasicTypeRegistry     : Adding type registration calendar -> org.hibernate.type.BasicTypeReference@3551b043
2026-05-04T20:18:52.968-03:00 DEBUG 78226 --- [api-externa-backend] [restartedMain] org.hibernate.type.BasicTypeRegistry     : Adding type registration java.util.Calendar -> org.hibernate.type.BasicTypeReference@3551b043
2026-05-04T20:18:52.968-03:00 DEBUG 78226 --- [api-externa-backend] [restartedMain] org.hibernate.type.BasicTypeRegistry     : Adding type registration java.util.GregorianCalendar -> org.hibernate.type.BasicTypeReference@3551b043
2026-05-04T20:18:52.968-03:00 DEBUG 78226 --- [api-externa-backend] [restartedMain] org.hibernate.type.BasicTypeRegistry     : Adding type registration calendar_date -> org.hibernate.type.BasicTypeReference@6fef64d4
2026-05-04T20:18:52.968-03:00 DEBUG 78226 --- [api-externa-backend] [restartedMain] org.hibernate.type.BasicTypeRegistry     : Adding type registration calendar_time -> org.hibernate.type.BasicTypeReference@30d74cf9
2026-05-04T20:18:52.968-03:00 DEBUG 78226 --- [api-externa-backend] [restartedMain] org.hibernate.type.BasicTypeRegistry     : Adding type registration instant -> org.hibernate.type.BasicTypeReference@5ab34b7e
2026-05-04T20:18:52.968-03:00 DEBUG 78226 --- [api-externa-backend] [restartedMain] org.hibernate.type.BasicTypeRegistry     : Adding type registration java.time.Instant -> org.hibernate.type.BasicTypeReference@5ab34b7e
2026-05-04T20:18:52.968-03:00 DEBUG 78226 --- [api-externa-backend] [restartedMain] org.hibernate.type.BasicTypeRegistry     : Adding type registration uuid -> org.hibernate.type.BasicTypeReference@62582bc3
2026-05-04T20:18:52.968-03:00 DEBUG 78226 --- [api-externa-backend] [restartedMain] org.hibernate.type.BasicTypeRegistry     : Adding type registration java.util.UUID -> org.hibernate.type.BasicTypeReference@62582bc3
2026-05-04T20:18:52.968-03:00 DEBUG 78226 --- [api-externa-backend] [restartedMain] org.hibernate.type.BasicTypeRegistry     : Adding type registration pg-uuid -> org.hibernate.type.BasicTypeReference@62582bc3
2026-05-04T20:18:52.968-03:00 DEBUG 78226 --- [api-externa-backend] [restartedMain] org.hibernate.type.BasicTypeRegistry     : Adding type registration uuid-binary -> org.hibernate.type.BasicTypeReference@76853a98
2026-05-04T20:18:52.968-03:00 DEBUG 78226 --- [api-externa-backend] [restartedMain] org.hibernate.type.BasicTypeRegistry     : Adding type registration uuid-char -> org.hibernate.type.BasicTypeReference@7cbf1035
2026-05-04T20:18:52.968-03:00 DEBUG 78226 --- [api-externa-backend] [restartedMain] org.hibernate.type.BasicTypeRegistry     : Adding type registration class -> org.hibernate.type.BasicTypeReference@3c174c67
2026-05-04T20:18:52.968-03:00 DEBUG 78226 --- [api-externa-backend] [restartedMain] org.hibernate.type.BasicTypeRegistry     : Adding type registration java.lang.Class -> org.hibernate.type.BasicTypeReference@3c174c67
2026-05-04T20:18:52.968-03:00 DEBUG 78226 --- [api-externa-backend] [restartedMain] org.hibernate.type.BasicTypeRegistry     : Adding type registration currency -> org.hibernate.type.BasicTypeReference@1f327e15
2026-05-04T20:18:52.968-03:00 DEBUG 78226 --- [api-externa-backend] [restartedMain] org.hibernate.type.BasicTypeRegistry     : Adding type registration Currency -> org.hibernate.type.BasicTypeReference@1f327e15
2026-05-04T20:18:52.968-03:00 DEBUG 78226 --- [api-externa-backend] [restartedMain] org.hibernate.type.BasicTypeRegistry     : Adding type registration java.util.Currency -> org.hibernate.type.BasicTypeReference@1f327e15
2026-05-04T20:18:52.968-03:00 DEBUG 78226 --- [api-externa-backend] [restartedMain] org.hibernate.type.BasicTypeRegistry     : Adding type registration locale -> org.hibernate.type.BasicTypeReference@40bcd691
2026-05-04T20:18:52.968-03:00 DEBUG 78226 --- [api-externa-backend] [restartedMain] org.hibernate.type.BasicTypeRegistry     : Adding type registration java.util.Locale -> org.hibernate.type.BasicTypeReference@40bcd691
2026-05-04T20:18:52.968-03:00 DEBUG 78226 --- [api-externa-backend] [restartedMain] org.hibernate.type.BasicTypeRegistry     : Adding type registration serializable -> org.hibernate.type.BasicTypeReference@4406480b
2026-05-04T20:18:52.968-03:00 DEBUG 78226 --- [api-externa-backend] [restartedMain] org.hibernate.type.BasicTypeRegistry     : Adding type registration java.io.Serializable -> org.hibernate.type.BasicTypeReference@4406480b
2026-05-04T20:18:52.968-03:00 DEBUG 78226 --- [api-externa-backend] [restartedMain] org.hibernate.type.BasicTypeRegistry     : Adding type registration timezone -> org.hibernate.type.BasicTypeReference@42f44098
2026-05-04T20:18:52.968-03:00 DEBUG 78226 --- [api-externa-backend] [restartedMain] org.hibernate.type.BasicTypeRegistry     : Adding type registration java.util.TimeZone -> org.hibernate.type.BasicTypeReference@42f44098
2026-05-04T20:18:52.968-03:00 DEBUG 78226 --- [api-externa-backend] [restartedMain] org.hibernate.type.BasicTypeRegistry     : Adding type registration ZoneOffset -> org.hibernate.type.BasicTypeReference@4eba4c05
2026-05-04T20:18:52.968-03:00 DEBUG 78226 --- [api-externa-backend] [restartedMain] org.hibernate.type.BasicTypeRegistry     : Adding type registration java.time.ZoneOffset -> org.hibernate.type.BasicTypeReference@4eba4c05
2026-05-04T20:18:52.968-03:00 DEBUG 78226 --- [api-externa-backend] [restartedMain] org.hibernate.type.BasicTypeRegistry     : Adding type registration url -> org.hibernate.type.BasicTypeReference@6894131d
2026-05-04T20:18:52.968-03:00 DEBUG 78226 --- [api-externa-backend] [restartedMain] org.hibernate.type.BasicTypeRegistry     : Adding type registration java.net.URL -> org.hibernate.type.BasicTypeReference@6894131d
2026-05-04T20:18:52.968-03:00 DEBUG 78226 --- [api-externa-backend] [restartedMain] org.hibernate.type.BasicTypeRegistry     : Adding type registration vector -> org.hibernate.type.BasicTypeReference@1ea44814
2026-05-04T20:18:52.968-03:00 DEBUG 78226 --- [api-externa-backend] [restartedMain] org.hibernate.type.BasicTypeRegistry     : Adding type registration float_vector -> org.hibernate.type.BasicTypeReference@7e343bd8
2026-05-04T20:18:52.968-03:00 DEBUG 78226 --- [api-externa-backend] [restartedMain] org.hibernate.type.BasicTypeRegistry     : Adding type registration double_vector -> org.hibernate.type.BasicTypeReference@62728a7f
2026-05-04T20:18:52.968-03:00 DEBUG 78226 --- [api-externa-backend] [restartedMain] org.hibernate.type.BasicTypeRegistry     : Adding type registration byte_vector -> org.hibernate.type.BasicTypeReference@2ab661d7
2026-05-04T20:18:52.968-03:00 DEBUG 78226 --- [api-externa-backend] [restartedMain] org.hibernate.type.BasicTypeRegistry     : Adding type registration row_version -> org.hibernate.type.BasicTypeReference@166e687d
2026-05-04T20:18:52.968-03:00 DEBUG 78226 --- [api-externa-backend] [restartedMain] org.hibernate.type.BasicTypeRegistry     : Adding type registration object -> org.hibernate.type.JavaObjectType@22c2c52e
2026-05-04T20:18:52.968-03:00 DEBUG 78226 --- [api-externa-backend] [restartedMain] org.hibernate.type.BasicTypeRegistry     : Adding type registration java.lang.Object -> org.hibernate.type.JavaObjectType@22c2c52e
2026-05-04T20:18:52.968-03:00 DEBUG 78226 --- [api-externa-backend] [restartedMain] org.hibernate.type.BasicTypeRegistry     : Adding type registration null -> org.hibernate.type.NullType@6b1585aa
2026-05-04T20:18:52.968-03:00 DEBUG 78226 --- [api-externa-backend] [restartedMain] org.hibernate.type.BasicTypeRegistry     : Adding type registration imm_date -> org.hibernate.type.BasicTypeReference@4375989b
2026-05-04T20:18:52.968-03:00 DEBUG 78226 --- [api-externa-backend] [restartedMain] org.hibernate.type.BasicTypeRegistry     : Adding type registration imm_time -> org.hibernate.type.BasicTypeReference@49cc5779
2026-05-04T20:18:52.968-03:00 DEBUG 78226 --- [api-externa-backend] [restartedMain] org.hibernate.type.BasicTypeRegistry     : Adding type registration imm_timestamp -> org.hibernate.type.BasicTypeReference@27535fec
2026-05-04T20:18:52.968-03:00 DEBUG 78226 --- [api-externa-backend] [restartedMain] org.hibernate.type.BasicTypeRegistry     : Adding type registration imm_calendar -> org.hibernate.type.BasicTypeReference@25c97361
2026-05-04T20:18:52.968-03:00 DEBUG 78226 --- [api-externa-backend] [restartedMain] org.hibernate.type.BasicTypeRegistry     : Adding type registration imm_calendar_date -> org.hibernate.type.BasicTypeReference@4a978603
2026-05-04T20:18:52.968-03:00 DEBUG 78226 --- [api-externa-backend] [restartedMain] org.hibernate.type.BasicTypeRegistry     : Adding type registration imm_calendar_time -> org.hibernate.type.BasicTypeReference@614b77b7
2026-05-04T20:18:52.968-03:00 DEBUG 78226 --- [api-externa-backend] [restartedMain] org.hibernate.type.BasicTypeRegistry     : Adding type registration imm_binary -> org.hibernate.type.BasicTypeReference@5c5ae84d
2026-05-04T20:18:52.968-03:00 DEBUG 78226 --- [api-externa-backend] [restartedMain] org.hibernate.type.BasicTypeRegistry     : Adding type registration imm_serializable -> org.hibernate.type.BasicTypeReference@3266dadc
2026-05-04T20:18:52.971-03:00  INFO 78226 --- [api-externa-backend] [restartedMain] o.s.o.j.p.SpringPersistenceUnitInfo      : No LoadTimeWeaver setup: ignoring JPA class transformer
2026-05-04T20:18:52.972-03:00  INFO 78226 --- [api-externa-backend] [restartedMain] org.hibernate.orm.connections.pooling    : HHH10001005: Database info:
	Database JDBC URL [Connecting through datasource 'HikariDataSource (HikariPool-5)']
	Database driver: undefined/unknown
	Database version: 2.3.232
	Autocommit mode: undefined/unknown
	Isolation level: undefined/unknown
	Minimum pool size: undefined/unknown
	Maximum pool size: undefined/unknown
2026-05-04T20:18:52.972-03:00 DEBUG 78226 --- [api-externa-backend] [restartedMain] o.h.t.d.jdbc.spi.JdbcTypeRegistry        : addDescriptor(NCharTypeDescriptor) replaced previous registration(CharTypeDescriptor)
2026-05-04T20:18:52.972-03:00 DEBUG 78226 --- [api-externa-backend] [restartedMain] o.h.t.d.jdbc.spi.JdbcTypeRegistry        : addDescriptor(NVarcharTypeDescriptor) replaced previous registration(VarcharTypeDescriptor)
2026-05-04T20:18:52.972-03:00 DEBUG 78226 --- [api-externa-backend] [restartedMain] o.h.t.d.jdbc.spi.JdbcTypeRegistry        : addDescriptor(LongNVarcharTypeDescriptor) replaced previous registration(LongVarcharTypeDescriptor)
2026-05-04T20:18:52.972-03:00 DEBUG 78226 --- [api-externa-backend] [restartedMain] o.h.t.d.jdbc.spi.JdbcTypeRegistry        : addDescriptor(NClobTypeDescriptor(DEFAULT)) replaced previous registration(ClobTypeDescriptor(DEFAULT))
2026-05-04T20:18:52.972-03:00 DEBUG 78226 --- [api-externa-backend] [restartedMain] o.h.t.d.jdbc.spi.JdbcTypeRegistry        : addDescriptor(TimestampUtcDescriptor) replaced previous registration(TimestampUtcDescriptor)
2026-05-04T20:18:52.972-03:00 DEBUG 78226 --- [api-externa-backend] [restartedMain] org.hibernate.type.BasicTypeRegistry     : Adding type registration org.hibernate.type.DurationType -> basicType@77(java.time.Duration,3015)
2026-05-04T20:18:52.972-03:00 DEBUG 78226 --- [api-externa-backend] [restartedMain] org.hibernate.type.BasicTypeRegistry     : Adding type registration Duration -> basicType@77(java.time.Duration,3015)
2026-05-04T20:18:52.972-03:00 DEBUG 78226 --- [api-externa-backend] [restartedMain] org.hibernate.type.BasicTypeRegistry     : Adding type registration java.time.Duration -> basicType@77(java.time.Duration,3015)
2026-05-04T20:18:52.972-03:00 DEBUG 78226 --- [api-externa-backend] [restartedMain] o.h.type.spi.TypeConfiguration$Scope     : Scoping TypeConfiguration [org.hibernate.type.spi.TypeConfiguration@30e7ecca] to MetadataBuildingContext [org.hibernate.boot.internal.MetadataBuildingContextRootImpl@5c85ce1a]
2026-05-04T20:18:52.988-03:00  INFO 78226 --- [api-externa-backend] [restartedMain] o.h.e.t.j.p.i.JtaPlatformInitiator       : HHH000489: No JTA platform available (set 'hibernate.transaction.jta.platform' to enable JTA platform integration)
2026-05-04T20:18:52.988-03:00 DEBUG 78226 --- [api-externa-backend] [restartedMain] o.h.type.spi.TypeConfiguration$Scope     : Scoping TypeConfiguration [org.hibernate.type.spi.TypeConfiguration@30e7ecca] to SessionFactoryImplementor [org.hibernate.internal.SessionFactoryImpl@33aa11a9]
2026-05-04T20:18:52.988-03:00 DEBUG 78226 --- [api-externa-backend] [restartedMain] org.hibernate.SQL                        : 
    drop table if exists tb_acao cascade 
2026-05-04T20:18:52.988-03:00 DEBUG 78226 --- [api-externa-backend] [restartedMain] org.hibernate.SQL                        : 
    drop table if exists tb_corretora cascade 
2026-05-04T20:18:52.988-03:00 DEBUG 78226 --- [api-externa-backend] [restartedMain] org.hibernate.SQL                        : 
    drop sequence if exists seq_acao
2026-05-04T20:18:52.988-03:00 DEBUG 78226 --- [api-externa-backend] [restartedMain] org.hibernate.SQL                        : 
    drop sequence if exists seq_corretora
2026-05-04T20:18:52.988-03:00 DEBUG 78226 --- [api-externa-backend] [restartedMain] org.hibernate.SQL                        : 
    create sequence seq_acao start with 1 increment by 1
2026-05-04T20:18:52.989-03:00 DEBUG 78226 --- [api-externa-backend] [restartedMain] org.hibernate.SQL                        : 
    create sequence seq_corretora start with 1 increment by 1
2026-05-04T20:18:52.989-03:00 DEBUG 78226 --- [api-externa-backend] [restartedMain] org.hibernate.SQL                        : 
    create table tb_acao (
        cotacao_atual numeric(19,4),
        data_hora_cotacao timestamp(6),
        id bigint not null,
        mercado varchar(255) not null,
        moeda varchar(255) not null,
        nome_empresa varchar(255),
        ticker varchar(255) not null unique,
        primary key (id)
    )
2026-05-04T20:18:52.989-03:00 DEBUG 78226 --- [api-externa-backend] [restartedMain] org.hibernate.SQL                        : 
    create table tb_corretora (
        uf varchar(2),
        validada_na_cvm boolean not null,
        cep varchar(8),
        data_cadastro timestamp(6) not null,
        id bigint not null,
        numero varchar(10),
        cnpj varchar(14) not null unique,
        situacao_cadastral varchar(30),
        telefone varchar(30),
        bairro varchar(50),
        cidade varchar(50),
        complemento varchar(100),
        email varchar(100),
        logradouro varchar(100),
        nome_fantasia varchar(100),
        razao_social varchar(100) not null,
        primary key (id)
    )
2026-05-04T20:18:52.989-03:00 TRACE 78226 --- [api-externa-backend] [restartedMain] o.h.type.spi.TypeConfiguration$Scope     : Handling #sessionFactoryCreated from [org.hibernate.internal.SessionFactoryImpl@33aa11a9] for TypeConfiguration
2026-05-04T20:18:52.989-03:00  INFO 78226 --- [api-externa-backend] [restartedMain] j.LocalContainerEntityManagerFactoryBean : Initialized JPA EntityManagerFactory for persistence unit 'default'
2026-05-04T20:18:52.998-03:00  WARN 78226 --- [api-externa-backend] [restartedMain] JpaBaseConfiguration$JpaWebConfiguration : spring.jpa.open-in-view is enabled by default. Therefore, database queries may be performed during view rendering. Explicitly configure spring.jpa.open-in-view to disable this warning
2026-05-04T20:18:53.002-03:00  INFO 78226 --- [api-externa-backend] [restartedMain] o.s.b.d.a.OptionalLiveReloadServer       : LiveReload server is running on port 35729
2026-05-04T20:18:53.061-03:00  INFO 78226 --- [api-externa-backend] [restartedMain] o.s.b.a.h2.H2ConsoleAutoConfiguration    : H2 console available at '/h2-console'. Database available at 'jdbc:h2:mem:cursodb'
2026-05-04T20:18:53.075-03:00  INFO 78226 --- [api-externa-backend] [restartedMain] o.s.b.w.embedded.tomcat.TomcatWebServer  : Tomcat started on port 8080 (http) with context path '/'
2026-05-04T20:18:53.079-03:00  INFO 78226 --- [api-externa-backend] [restartedMain] com.ApiExternaBackendApplication         : Started ApiExternaBackendApplication in 0.278 seconds (process running for 385.298)
2026-05-04T20:18:53.079-03:00  INFO 78226 --- [api-externa-backend] [restartedMain] .ConditionEvaluationDeltaLoggingListener : Condition evaluation unchanged
2026-05-04T20:19:27.414-03:00  INFO 78226 --- [api-externa-backend] [SpringApplicationShutdownHook] o.s.b.w.e.tomcat.GracefulShutdown        : Commencing graceful shutdown. Waiting for active requests to complete
2026-05-04T20:19:27.416-03:00  INFO 78226 --- [api-externa-backend] [tomcat-shutdown] o.s.b.w.e.tomcat.GracefulShutdown        : Graceful shutdown complete
2026-05-04T20:19:27.418-03:00  INFO 78226 --- [api-externa-backend] [SpringApplicationShutdownHook] j.LocalContainerEntityManagerFactoryBean : Closing JPA EntityManagerFactory for persistence unit 'default'
2026-05-04T20:19:27.419-03:00 DEBUG 78226 --- [api-externa-backend] [SpringApplicationShutdownHook] org.hibernate.SQL                        : 
    drop table if exists tb_acao cascade 
2026-05-04T20:19:27.420-03:00 DEBUG 78226 --- [api-externa-backend] [SpringApplicationShutdownHook] org.hibernate.SQL                        : 
    drop table if exists tb_corretora cascade 
2026-05-04T20:19:27.420-03:00 DEBUG 78226 --- [api-externa-backend] [SpringApplicationShutdownHook] org.hibernate.SQL                        : 
    drop sequence if exists seq_acao
2026-05-04T20:19:27.420-03:00 DEBUG 78226 --- [api-externa-backend] [SpringApplicationShutdownHook] org.hibernate.SQL                        : 
    drop sequence if exists seq_corretora
2026-05-04T20:19:27.420-03:00 TRACE 78226 --- [api-externa-backend] [SpringApplicationShutdownHook] o.h.type.spi.TypeConfiguration$Scope     : Handling #sessionFactoryClosed from [org.hibernate.internal.SessionFactoryImpl@33aa11a9] for TypeConfiguration
2026-05-04T20:19:27.420-03:00 DEBUG 78226 --- [api-externa-backend] [SpringApplicationShutdownHook] o.h.type.spi.TypeConfiguration$Scope     : Un-scoping TypeConfiguration [org.hibernate.type.spi.TypeConfiguration$Scope@9db994a] from SessionFactory [org.hibernate.internal.SessionFactoryImpl@33aa11a9]
2026-05-04T20:19:27.421-03:00  WARN 78226 --- [api-externa-backend] [SpringApplicationShutdownHook] o.s.b.f.support.DisposableBeanAdapter    : Invocation of destroy method failed on bean with name 'inMemoryDatabaseShutdownExecutor': org.h2.jdbc.JdbcSQLNonTransientConnectionException: Database is already closed (to disable automatic closing at VM shutdown, add ";DB_CLOSE_ON_EXIT=FALSE" to the db URL) [90121-232]
2026-05-04T20:19:27.421-03:00  INFO 78226 --- [api-externa-backend] [SpringApplicationShutdownHook] com.zaxxer.hikari.HikariDataSource       : HikariPool-5 - Shutdown initiated...
2026-05-04T20:19:27.421-03:00  INFO 78226 --- [api-externa-backend] [SpringApplicationShutdownHook] com.zaxxer.hikari.HikariDataSource       : HikariPool-5 - Shutdown completed.
2026-05-04T20:19:30.044-03:00  INFO 78429 --- [api-externa-backend] [restartedMain] com.ApiExternaBackendApplication         : Starting ApiExternaBackendApplication using Java 17.0.16 with PID 78429 (/Users/lucas/Documents/Programacao/Spring/api-externa-backend/target/classes started by lucas in /Users/lucas/Documents/Programacao/Spring/api-externa-backend)
2026-05-04T20:19:30.044-03:00  INFO 78429 --- [api-externa-backend] [restartedMain] com.ApiExternaBackendApplication         : The following 1 profile is active: "test"
2026-05-04T20:19:30.058-03:00  INFO 78429 --- [api-externa-backend] [restartedMain] .e.DevToolsPropertyDefaultsPostProcessor : Devtools property defaults active! Set 'spring.devtools.add-properties' to 'false' to disable
2026-05-04T20:19:30.058-03:00  INFO 78429 --- [api-externa-backend] [restartedMain] .e.DevToolsPropertyDefaultsPostProcessor : For additional web related logging consider setting the 'logging.level.web' property to 'DEBUG'
2026-05-04T20:19:30.360-03:00  INFO 78429 --- [api-externa-backend] [restartedMain] .s.d.r.c.RepositoryConfigurationDelegate : Bootstrapping Spring Data JPA repositories in DEFAULT mode.
2026-05-04T20:19:30.394-03:00  INFO 78429 --- [api-externa-backend] [restartedMain] .s.d.r.c.RepositoryConfigurationDelegate : Finished Spring Data repository scanning in 30 ms. Found 2 JPA repository interfaces.
2026-05-04T20:19:30.445-03:00  INFO 78429 --- [api-externa-backend] [restartedMain] o.s.cloud.context.scope.GenericScope     : BeanFactory id=94ec2bbb-6b48-336a-a5b1-3dab0d29d059
2026-05-04T20:19:30.580-03:00  INFO 78429 --- [api-externa-backend] [restartedMain] o.s.b.w.embedded.tomcat.TomcatWebServer  : Tomcat initialized with port 8080 (http)
2026-05-04T20:19:30.585-03:00  INFO 78429 --- [api-externa-backend] [restartedMain] o.apache.catalina.core.StandardService   : Starting service [Tomcat]
2026-05-04T20:19:30.585-03:00  INFO 78429 --- [api-externa-backend] [restartedMain] o.apache.catalina.core.StandardEngine    : Starting Servlet engine: [Apache Tomcat/10.1.40]
2026-05-04T20:19:30.598-03:00  INFO 78429 --- [api-externa-backend] [restartedMain] o.a.c.c.C.[Tomcat].[localhost].[/]       : Initializing Spring embedded WebApplicationContext
2026-05-04T20:19:30.598-03:00  INFO 78429 --- [api-externa-backend] [restartedMain] w.s.c.ServletWebServerApplicationContext : Root WebApplicationContext: initialization completed in 540 ms
2026-05-04T20:19:30.639-03:00  INFO 78429 --- [api-externa-backend] [restartedMain] com.zaxxer.hikari.HikariDataSource       : HikariPool-1 - Starting...
2026-05-04T20:19:30.699-03:00  INFO 78429 --- [api-externa-backend] [restartedMain] com.zaxxer.hikari.pool.HikariPool        : HikariPool-1 - Added connection conn0: url=jdbc:h2:mem:cursodb user=SA
2026-05-04T20:19:30.700-03:00  INFO 78429 --- [api-externa-backend] [restartedMain] com.zaxxer.hikari.HikariDataSource       : HikariPool-1 - Start completed.
2026-05-04T20:19:30.713-03:00  INFO 78429 --- [api-externa-backend] [restartedMain] o.hibernate.jpa.internal.util.LogHelper  : HHH000204: Processing PersistenceUnitInfo [name: default]
2026-05-04T20:19:30.736-03:00  INFO 78429 --- [api-externa-backend] [restartedMain] org.hibernate.Version                    : HHH000412: Hibernate ORM core version 6.6.13.Final
2026-05-04T20:19:30.754-03:00  INFO 78429 --- [api-externa-backend] [restartedMain] o.h.c.internal.RegionFactoryInitiator    : HHH000026: Second-level cache disabled
2026-05-04T20:19:30.776-03:00 DEBUG 78429 --- [api-externa-backend] [restartedMain] org.hibernate.type.BasicTypeRegistry     : Adding type registration boolean -> org.hibernate.type.BasicTypeReference@753d1270
2026-05-04T20:19:30.776-03:00 DEBUG 78429 --- [api-externa-backend] [restartedMain] org.hibernate.type.BasicTypeRegistry     : Adding type registration boolean -> org.hibernate.type.BasicTypeReference@753d1270
2026-05-04T20:19:30.776-03:00 DEBUG 78429 --- [api-externa-backend] [restartedMain] org.hibernate.type.BasicTypeRegistry     : Adding type registration java.lang.Boolean -> org.hibernate.type.BasicTypeReference@753d1270
2026-05-04T20:19:30.776-03:00 DEBUG 78429 --- [api-externa-backend] [restartedMain] org.hibernate.type.BasicTypeRegistry     : Adding type registration numeric_boolean -> org.hibernate.type.BasicTypeReference@5f4ec314
2026-05-04T20:19:30.776-03:00 DEBUG 78429 --- [api-externa-backend] [restartedMain] org.hibernate.type.BasicTypeRegistry     : Adding type registration org.hibernate.type.NumericBooleanConverter -> org.hibernate.type.BasicTypeReference@5f4ec314
2026-05-04T20:19:30.776-03:00 DEBUG 78429 --- [api-externa-backend] [restartedMain] org.hibernate.type.BasicTypeRegistry     : Adding type registration true_false -> org.hibernate.type.BasicTypeReference@5200f63
2026-05-04T20:19:30.776-03:00 DEBUG 78429 --- [api-externa-backend] [restartedMain] org.hibernate.type.BasicTypeRegistry     : Adding type registration org.hibernate.type.TrueFalseConverter -> org.hibernate.type.BasicTypeReference@5200f63
2026-05-04T20:19:30.776-03:00 DEBUG 78429 --- [api-externa-backend] [restartedMain] org.hibernate.type.BasicTypeRegistry     : Adding type registration yes_no -> org.hibernate.type.BasicTypeReference@30a405ea
2026-05-04T20:19:30.777-03:00 DEBUG 78429 --- [api-externa-backend] [restartedMain] org.hibernate.type.BasicTypeRegistry     : Adding type registration org.hibernate.type.YesNoConverter -> org.hibernate.type.BasicTypeReference@30a405ea
2026-05-04T20:19:30.777-03:00 DEBUG 78429 --- [api-externa-backend] [restartedMain] org.hibernate.type.BasicTypeRegistry     : Adding type registration byte -> org.hibernate.type.BasicTypeReference@2d173f1c
2026-05-04T20:19:30.777-03:00 DEBUG 78429 --- [api-externa-backend] [restartedMain] org.hibernate.type.BasicTypeRegistry     : Adding type registration byte -> org.hibernate.type.BasicTypeReference@2d173f1c
2026-05-04T20:19:30.777-03:00 DEBUG 78429 --- [api-externa-backend] [restartedMain] org.hibernate.type.BasicTypeRegistry     : Adding type registration java.lang.Byte -> org.hibernate.type.BasicTypeReference@2d173f1c
2026-05-04T20:19:30.777-03:00 DEBUG 78429 --- [api-externa-backend] [restartedMain] org.hibernate.type.BasicTypeRegistry     : Adding type registration binary -> org.hibernate.type.BasicTypeReference@4680fc9
2026-05-04T20:19:30.777-03:00 DEBUG 78429 --- [api-externa-backend] [restartedMain] org.hibernate.type.BasicTypeRegistry     : Adding type registration byte[] -> org.hibernate.type.BasicTypeReference@4680fc9
2026-05-04T20:19:30.777-03:00 DEBUG 78429 --- [api-externa-backend] [restartedMain] org.hibernate.type.BasicTypeRegistry     : Adding type registration [B -> org.hibernate.type.BasicTypeReference@4680fc9
2026-05-04T20:19:30.777-03:00 DEBUG 78429 --- [api-externa-backend] [restartedMain] org.hibernate.type.BasicTypeRegistry     : Adding type registration binary_wrapper -> org.hibernate.type.BasicTypeReference@5d6af5f
2026-05-04T20:19:30.777-03:00 DEBUG 78429 --- [api-externa-backend] [restartedMain] org.hibernate.type.BasicTypeRegistry     : Adding type registration wrapper-binary -> org.hibernate.type.BasicTypeReference@5d6af5f
2026-05-04T20:19:30.777-03:00 DEBUG 78429 --- [api-externa-backend] [restartedMain] org.hibernate.type.BasicTypeRegistry     : Adding type registration image -> org.hibernate.type.BasicTypeReference@4184ee6b
2026-05-04T20:19:30.777-03:00 DEBUG 78429 --- [api-externa-backend] [restartedMain] org.hibernate.type.BasicTypeRegistry     : Adding type registration blob -> org.hibernate.type.BasicTypeReference@72181aa8
2026-05-04T20:19:30.777-03:00 DEBUG 78429 --- [api-externa-backend] [restartedMain] org.hibernate.type.BasicTypeRegistry     : Adding type registration java.sql.Blob -> org.hibernate.type.BasicTypeReference@72181aa8
2026-05-04T20:19:30.777-03:00 DEBUG 78429 --- [api-externa-backend] [restartedMain] org.hibernate.type.BasicTypeRegistry     : Adding type registration materialized_blob -> org.hibernate.type.BasicTypeReference@f258197
2026-05-04T20:19:30.777-03:00 DEBUG 78429 --- [api-externa-backend] [restartedMain] org.hibernate.type.BasicTypeRegistry     : Adding type registration materialized_blob_wrapper -> org.hibernate.type.BasicTypeReference@3fb97b7b
2026-05-04T20:19:30.777-03:00 DEBUG 78429 --- [api-externa-backend] [restartedMain] org.hibernate.type.BasicTypeRegistry     : Adding type registration short -> org.hibernate.type.BasicTypeReference@59a83d51
2026-05-04T20:19:30.777-03:00 DEBUG 78429 --- [api-externa-backend] [restartedMain] org.hibernate.type.BasicTypeRegistry     : Adding type registration short -> org.hibernate.type.BasicTypeReference@59a83d51
2026-05-04T20:19:30.777-03:00 DEBUG 78429 --- [api-externa-backend] [restartedMain] org.hibernate.type.BasicTypeRegistry     : Adding type registration java.lang.Short -> org.hibernate.type.BasicTypeReference@59a83d51
2026-05-04T20:19:30.777-03:00 DEBUG 78429 --- [api-externa-backend] [restartedMain] org.hibernate.type.BasicTypeRegistry     : Adding type registration integer -> org.hibernate.type.BasicTypeReference@6bd7b196
2026-05-04T20:19:30.778-03:00 DEBUG 78429 --- [api-externa-backend] [restartedMain] org.hibernate.type.BasicTypeRegistry     : Adding type registration int -> org.hibernate.type.BasicTypeReference@6bd7b196
2026-05-04T20:19:30.778-03:00 DEBUG 78429 --- [api-externa-backend] [restartedMain] org.hibernate.type.BasicTypeRegistry     : Adding type registration java.lang.Integer -> org.hibernate.type.BasicTypeReference@6bd7b196
2026-05-04T20:19:30.778-03:00 DEBUG 78429 --- [api-externa-backend] [restartedMain] org.hibernate.type.BasicTypeRegistry     : Adding type registration long -> org.hibernate.type.BasicTypeReference@48ddac42
2026-05-04T20:19:30.778-03:00 DEBUG 78429 --- [api-externa-backend] [restartedMain] org.hibernate.type.BasicTypeRegistry     : Adding type registration long -> org.hibernate.type.BasicTypeReference@48ddac42
2026-05-04T20:19:30.778-03:00 DEBUG 78429 --- [api-externa-backend] [restartedMain] org.hibernate.type.BasicTypeRegistry     : Adding type registration java.lang.Long -> org.hibernate.type.BasicTypeReference@48ddac42
2026-05-04T20:19:30.778-03:00 DEBUG 78429 --- [api-externa-backend] [restartedMain] org.hibernate.type.BasicTypeRegistry     : Adding type registration float -> org.hibernate.type.BasicTypeReference@3c4b6481
2026-05-04T20:19:30.778-03:00 DEBUG 78429 --- [api-externa-backend] [restartedMain] org.hibernate.type.BasicTypeRegistry     : Adding type registration float -> org.hibernate.type.BasicTypeReference@3c4b6481
2026-05-04T20:19:30.778-03:00 DEBUG 78429 --- [api-externa-backend] [restartedMain] org.hibernate.type.BasicTypeRegistry     : Adding type registration java.lang.Float -> org.hibernate.type.BasicTypeReference@3c4b6481
2026-05-04T20:19:30.778-03:00 DEBUG 78429 --- [api-externa-backend] [restartedMain] org.hibernate.type.BasicTypeRegistry     : Adding type registration double -> org.hibernate.type.BasicTypeReference@249184ec
2026-05-04T20:19:30.778-03:00 DEBUG 78429 --- [api-externa-backend] [restartedMain] org.hibernate.type.BasicTypeRegistry     : Adding type registration double -> org.hibernate.type.BasicTypeReference@249184ec
2026-05-04T20:19:30.778-03:00 DEBUG 78429 --- [api-externa-backend] [restartedMain] org.hibernate.type.BasicTypeRegistry     : Adding type registration java.lang.Double -> org.hibernate.type.BasicTypeReference@249184ec
2026-05-04T20:19:30.778-03:00 DEBUG 78429 --- [api-externa-backend] [restartedMain] org.hibernate.type.BasicTypeRegistry     : Adding type registration big_integer -> org.hibernate.type.BasicTypeReference@721cdae9
2026-05-04T20:19:30.778-03:00 DEBUG 78429 --- [api-externa-backend] [restartedMain] org.hibernate.type.BasicTypeRegistry     : Adding type registration java.math.BigInteger -> org.hibernate.type.BasicTypeReference@721cdae9
2026-05-04T20:19:30.778-03:00 DEBUG 78429 --- [api-externa-backend] [restartedMain] org.hibernate.type.BasicTypeRegistry     : Adding type registration big_decimal -> org.hibernate.type.BasicTypeReference@5706c754
2026-05-04T20:19:30.778-03:00 DEBUG 78429 --- [api-externa-backend] [restartedMain] org.hibernate.type.BasicTypeRegistry     : Adding type registration java.math.BigDecimal -> org.hibernate.type.BasicTypeReference@5706c754
2026-05-04T20:19:30.778-03:00 DEBUG 78429 --- [api-externa-backend] [restartedMain] org.hibernate.type.BasicTypeRegistry     : Adding type registration character -> org.hibernate.type.BasicTypeReference@308ece59
2026-05-04T20:19:30.778-03:00 DEBUG 78429 --- [api-externa-backend] [restartedMain] org.hibernate.type.BasicTypeRegistry     : Adding type registration char -> org.hibernate.type.BasicTypeReference@308ece59
2026-05-04T20:19:30.778-03:00 DEBUG 78429 --- [api-externa-backend] [restartedMain] org.hibernate.type.BasicTypeRegistry     : Adding type registration java.lang.Character -> org.hibernate.type.BasicTypeReference@308ece59
2026-05-04T20:19:30.778-03:00 DEBUG 78429 --- [api-externa-backend] [restartedMain] org.hibernate.type.BasicTypeRegistry     : Adding type registration character_nchar -> org.hibernate.type.BasicTypeReference@18908a40
2026-05-04T20:19:30.778-03:00 DEBUG 78429 --- [api-externa-backend] [restartedMain] org.hibernate.type.BasicTypeRegistry     : Adding type registration string -> org.hibernate.type.BasicTypeReference@c4fd029
2026-05-04T20:19:30.778-03:00 DEBUG 78429 --- [api-externa-backend] [restartedMain] org.hibernate.type.BasicTypeRegistry     : Adding type registration java.lang.String -> org.hibernate.type.BasicTypeReference@c4fd029
2026-05-04T20:19:30.778-03:00 DEBUG 78429 --- [api-externa-backend] [restartedMain] org.hibernate.type.BasicTypeRegistry     : Adding type registration nstring -> org.hibernate.type.BasicTypeReference@6d128a93
2026-05-04T20:19:30.778-03:00 DEBUG 78429 --- [api-externa-backend] [restartedMain] org.hibernate.type.BasicTypeRegistry     : Adding type registration characters -> org.hibernate.type.BasicTypeReference@2b287d6e
2026-05-04T20:19:30.778-03:00 DEBUG 78429 --- [api-externa-backend] [restartedMain] org.hibernate.type.BasicTypeRegistry     : Adding type registration char[] -> org.hibernate.type.BasicTypeReference@2b287d6e
2026-05-04T20:19:30.779-03:00 DEBUG 78429 --- [api-externa-backend] [restartedMain] org.hibernate.type.BasicTypeRegistry     : Adding type registration [C -> org.hibernate.type.BasicTypeReference@2b287d6e
2026-05-04T20:19:30.779-03:00 DEBUG 78429 --- [api-externa-backend] [restartedMain] org.hibernate.type.BasicTypeRegistry     : Adding type registration wrapper-characters -> org.hibernate.type.BasicTypeReference@377620c1
2026-05-04T20:19:30.779-03:00 DEBUG 78429 --- [api-externa-backend] [restartedMain] org.hibernate.type.BasicTypeRegistry     : Adding type registration text -> org.hibernate.type.BasicTypeReference@45ca709e
2026-05-04T20:19:30.779-03:00 DEBUG 78429 --- [api-externa-backend] [restartedMain] org.hibernate.type.BasicTypeRegistry     : Adding type registration ntext -> org.hibernate.type.BasicTypeReference@3c752ca6
2026-05-04T20:19:30.779-03:00 DEBUG 78429 --- [api-externa-backend] [restartedMain] org.hibernate.type.BasicTypeRegistry     : Adding type registration clob -> org.hibernate.type.BasicTypeReference@545ef54b
2026-05-04T20:19:30.779-03:00 DEBUG 78429 --- [api-externa-backend] [restartedMain] org.hibernate.type.BasicTypeRegistry     : Adding type registration java.sql.Clob -> org.hibernate.type.BasicTypeReference@545ef54b
2026-05-04T20:19:30.779-03:00 DEBUG 78429 --- [api-externa-backend] [restartedMain] org.hibernate.type.BasicTypeRegistry     : Adding type registration nclob -> org.hibernate.type.BasicTypeReference@52a8a729
2026-05-04T20:19:30.779-03:00 DEBUG 78429 --- [api-externa-backend] [restartedMain] org.hibernate.type.BasicTypeRegistry     : Adding type registration java.sql.NClob -> org.hibernate.type.BasicTypeReference@52a8a729
2026-05-04T20:19:30.779-03:00 DEBUG 78429 --- [api-externa-backend] [restartedMain] org.hibernate.type.BasicTypeRegistry     : Adding type registration materialized_clob -> org.hibernate.type.BasicTypeReference@44f07362
2026-05-04T20:19:30.779-03:00 DEBUG 78429 --- [api-externa-backend] [restartedMain] org.hibernate.type.BasicTypeRegistry     : Adding type registration materialized_clob_char_array -> org.hibernate.type.BasicTypeReference@51f56746
2026-05-04T20:19:30.779-03:00 DEBUG 78429 --- [api-externa-backend] [restartedMain] org.hibernate.type.BasicTypeRegistry     : Adding type registration materialized_clob_character_array -> org.hibernate.type.BasicTypeReference@72a2249e
2026-05-04T20:19:30.779-03:00 DEBUG 78429 --- [api-externa-backend] [restartedMain] org.hibernate.type.BasicTypeRegistry     : Adding type registration materialized_nclob -> org.hibernate.type.BasicTypeReference@65a4540c
2026-05-04T20:19:30.779-03:00 DEBUG 78429 --- [api-externa-backend] [restartedMain] org.hibernate.type.BasicTypeRegistry     : Adding type registration materialized_nclob_character_array -> org.hibernate.type.BasicTypeReference@228840b9
2026-05-04T20:19:30.779-03:00 DEBUG 78429 --- [api-externa-backend] [restartedMain] org.hibernate.type.BasicTypeRegistry     : Adding type registration materialized_nclob_char_array -> org.hibernate.type.BasicTypeReference@583dccf9
2026-05-04T20:19:30.779-03:00 DEBUG 78429 --- [api-externa-backend] [restartedMain] org.hibernate.type.BasicTypeRegistry     : Adding type registration Duration -> org.hibernate.type.BasicTypeReference@3bd885b4
2026-05-04T20:19:30.779-03:00 DEBUG 78429 --- [api-externa-backend] [restartedMain] org.hibernate.type.BasicTypeRegistry     : Adding type registration java.time.Duration -> org.hibernate.type.BasicTypeReference@3bd885b4
2026-05-04T20:19:30.779-03:00 DEBUG 78429 --- [api-externa-backend] [restartedMain] org.hibernate.type.BasicTypeRegistry     : Adding type registration LocalDateTime -> org.hibernate.type.BasicTypeReference@7c1ba2f7
2026-05-04T20:19:30.779-03:00 DEBUG 78429 --- [api-externa-backend] [restartedMain] org.hibernate.type.BasicTypeRegistry     : Adding type registration java.time.LocalDateTime -> org.hibernate.type.BasicTypeReference@7c1ba2f7
2026-05-04T20:19:30.779-03:00 DEBUG 78429 --- [api-externa-backend] [restartedMain] org.hibernate.type.BasicTypeRegistry     : Adding type registration LocalDate -> org.hibernate.type.BasicTypeReference@1c76a845
2026-05-04T20:19:30.779-03:00 DEBUG 78429 --- [api-externa-backend] [restartedMain] org.hibernate.type.BasicTypeRegistry     : Adding type registration java.time.LocalDate -> org.hibernate.type.BasicTypeReference@1c76a845
2026-05-04T20:19:30.779-03:00 DEBUG 78429 --- [api-externa-backend] [restartedMain] org.hibernate.type.BasicTypeRegistry     : Adding type registration LocalTime -> org.hibernate.type.BasicTypeReference@2a1ae536
2026-05-04T20:19:30.779-03:00 DEBUG 78429 --- [api-externa-backend] [restartedMain] org.hibernate.type.BasicTypeRegistry     : Adding type registration java.time.LocalTime -> org.hibernate.type.BasicTypeReference@2a1ae536
2026-05-04T20:19:30.779-03:00 DEBUG 78429 --- [api-externa-backend] [restartedMain] org.hibernate.type.BasicTypeRegistry     : Adding type registration OffsetDateTime -> org.hibernate.type.BasicTypeReference@559020e4
2026-05-04T20:19:30.779-03:00 DEBUG 78429 --- [api-externa-backend] [restartedMain] org.hibernate.type.BasicTypeRegistry     : Adding type registration java.time.OffsetDateTime -> org.hibernate.type.BasicTypeReference@559020e4
2026-05-04T20:19:30.779-03:00 DEBUG 78429 --- [api-externa-backend] [restartedMain] org.hibernate.type.BasicTypeRegistry     : Adding type registration OffsetDateTimeWithTimezone -> org.hibernate.type.BasicTypeReference@743d2cbb
2026-05-04T20:19:30.779-03:00 DEBUG 78429 --- [api-externa-backend] [restartedMain] org.hibernate.type.BasicTypeRegistry     : Adding type registration OffsetDateTimeWithoutTimezone -> org.hibernate.type.BasicTypeReference@5d2096f9
2026-05-04T20:19:30.779-03:00 DEBUG 78429 --- [api-externa-backend] [restartedMain] org.hibernate.type.BasicTypeRegistry     : Adding type registration OffsetTime -> org.hibernate.type.BasicTypeReference@206efb3e
2026-05-04T20:19:30.779-03:00 DEBUG 78429 --- [api-externa-backend] [restartedMain] org.hibernate.type.BasicTypeRegistry     : Adding type registration java.time.OffsetTime -> org.hibernate.type.BasicTypeReference@206efb3e
2026-05-04T20:19:30.779-03:00 DEBUG 78429 --- [api-externa-backend] [restartedMain] org.hibernate.type.BasicTypeRegistry     : Adding type registration OffsetTimeUtc -> org.hibernate.type.BasicTypeReference@74ad68d7
2026-05-04T20:19:30.779-03:00 DEBUG 78429 --- [api-externa-backend] [restartedMain] org.hibernate.type.BasicTypeRegistry     : Adding type registration OffsetTimeWithTimezone -> org.hibernate.type.BasicTypeReference@6968ca0d
2026-05-04T20:19:30.779-03:00 DEBUG 78429 --- [api-externa-backend] [restartedMain] org.hibernate.type.BasicTypeRegistry     : Adding type registration OffsetTimeWithoutTimezone -> org.hibernate.type.BasicTypeReference@30a61e87
2026-05-04T20:19:30.779-03:00 DEBUG 78429 --- [api-externa-backend] [restartedMain] org.hibernate.type.BasicTypeRegistry     : Adding type registration ZonedDateTime -> org.hibernate.type.BasicTypeReference@6746b4a6
2026-05-04T20:19:30.779-03:00 DEBUG 78429 --- [api-externa-backend] [restartedMain] org.hibernate.type.BasicTypeRegistry     : Adding type registration java.time.ZonedDateTime -> org.hibernate.type.BasicTypeReference@6746b4a6
2026-05-04T20:19:30.779-03:00 DEBUG 78429 --- [api-externa-backend] [restartedMain] org.hibernate.type.BasicTypeRegistry     : Adding type registration ZonedDateTimeWithTimezone -> org.hibernate.type.BasicTypeReference@78b29349
2026-05-04T20:19:30.779-03:00 DEBUG 78429 --- [api-externa-backend] [restartedMain] org.hibernate.type.BasicTypeRegistry     : Adding type registration ZonedDateTimeWithoutTimezone -> org.hibernate.type.BasicTypeReference@572516f0
2026-05-04T20:19:30.779-03:00 DEBUG 78429 --- [api-externa-backend] [restartedMain] org.hibernate.type.BasicTypeRegistry     : Adding type registration date -> org.hibernate.type.BasicTypeReference@57f768b5
2026-05-04T20:19:30.779-03:00 DEBUG 78429 --- [api-externa-backend] [restartedMain] org.hibernate.type.BasicTypeRegistry     : Adding type registration java.sql.Date -> org.hibernate.type.BasicTypeReference@57f768b5
2026-05-04T20:19:30.779-03:00 DEBUG 78429 --- [api-externa-backend] [restartedMain] org.hibernate.type.BasicTypeRegistry     : Adding type registration time -> org.hibernate.type.BasicTypeReference@5c61569
2026-05-04T20:19:30.780-03:00 DEBUG 78429 --- [api-externa-backend] [restartedMain] org.hibernate.type.BasicTypeRegistry     : Adding type registration java.sql.Time -> org.hibernate.type.BasicTypeReference@5c61569
2026-05-04T20:19:30.780-03:00 DEBUG 78429 --- [api-externa-backend] [restartedMain] org.hibernate.type.BasicTypeRegistry     : Adding type registration timestamp -> org.hibernate.type.BasicTypeReference@6982e643
2026-05-04T20:19:30.780-03:00 DEBUG 78429 --- [api-externa-backend] [restartedMain] org.hibernate.type.BasicTypeRegistry     : Adding type registration java.sql.Timestamp -> org.hibernate.type.BasicTypeReference@6982e643
2026-05-04T20:19:30.780-03:00 DEBUG 78429 --- [api-externa-backend] [restartedMain] org.hibernate.type.BasicTypeRegistry     : Adding type registration java.util.Date -> org.hibernate.type.BasicTypeReference@6982e643
2026-05-04T20:19:30.780-03:00 DEBUG 78429 --- [api-externa-backend] [restartedMain] org.hibernate.type.BasicTypeRegistry     : Adding type registration calendar -> org.hibernate.type.BasicTypeReference@166fef15
2026-05-04T20:19:30.780-03:00 DEBUG 78429 --- [api-externa-backend] [restartedMain] org.hibernate.type.BasicTypeRegistry     : Adding type registration java.util.Calendar -> org.hibernate.type.BasicTypeReference@166fef15
2026-05-04T20:19:30.780-03:00 DEBUG 78429 --- [api-externa-backend] [restartedMain] org.hibernate.type.BasicTypeRegistry     : Adding type registration java.util.GregorianCalendar -> org.hibernate.type.BasicTypeReference@166fef15
2026-05-04T20:19:30.780-03:00 DEBUG 78429 --- [api-externa-backend] [restartedMain] org.hibernate.type.BasicTypeRegistry     : Adding type registration calendar_date -> org.hibernate.type.BasicTypeReference@7ab19fad
2026-05-04T20:19:30.780-03:00 DEBUG 78429 --- [api-externa-backend] [restartedMain] org.hibernate.type.BasicTypeRegistry     : Adding type registration calendar_time -> org.hibernate.type.BasicTypeReference@4fe9a0cf
2026-05-04T20:19:30.780-03:00 DEBUG 78429 --- [api-externa-backend] [restartedMain] org.hibernate.type.BasicTypeRegistry     : Adding type registration instant -> org.hibernate.type.BasicTypeReference@3127e78f
2026-05-04T20:19:30.780-03:00 DEBUG 78429 --- [api-externa-backend] [restartedMain] org.hibernate.type.BasicTypeRegistry     : Adding type registration java.time.Instant -> org.hibernate.type.BasicTypeReference@3127e78f
2026-05-04T20:19:30.780-03:00 DEBUG 78429 --- [api-externa-backend] [restartedMain] org.hibernate.type.BasicTypeRegistry     : Adding type registration uuid -> org.hibernate.type.BasicTypeReference@5859b1f9
2026-05-04T20:19:30.780-03:00 DEBUG 78429 --- [api-externa-backend] [restartedMain] org.hibernate.type.BasicTypeRegistry     : Adding type registration java.util.UUID -> org.hibernate.type.BasicTypeReference@5859b1f9
2026-05-04T20:19:30.780-03:00 DEBUG 78429 --- [api-externa-backend] [restartedMain] org.hibernate.type.BasicTypeRegistry     : Adding type registration pg-uuid -> org.hibernate.type.BasicTypeReference@5859b1f9
2026-05-04T20:19:30.780-03:00 DEBUG 78429 --- [api-externa-backend] [restartedMain] org.hibernate.type.BasicTypeRegistry     : Adding type registration uuid-binary -> org.hibernate.type.BasicTypeReference@2ee301a8
2026-05-04T20:19:30.781-03:00 DEBUG 78429 --- [api-externa-backend] [restartedMain] org.hibernate.type.BasicTypeRegistry     : Adding type registration uuid-char -> org.hibernate.type.BasicTypeReference@2c0e2363
2026-05-04T20:19:30.781-03:00 DEBUG 78429 --- [api-externa-backend] [restartedMain] org.hibernate.type.BasicTypeRegistry     : Adding type registration class -> org.hibernate.type.BasicTypeReference@221bb2f2
2026-05-04T20:19:30.781-03:00 DEBUG 78429 --- [api-externa-backend] [restartedMain] org.hibernate.type.BasicTypeRegistry     : Adding type registration java.lang.Class -> org.hibernate.type.BasicTypeReference@221bb2f2
2026-05-04T20:19:30.781-03:00 DEBUG 78429 --- [api-externa-backend] [restartedMain] org.hibernate.type.BasicTypeRegistry     : Adding type registration currency -> org.hibernate.type.BasicTypeReference@37580931
2026-05-04T20:19:30.781-03:00 DEBUG 78429 --- [api-externa-backend] [restartedMain] org.hibernate.type.BasicTypeRegistry     : Adding type registration Currency -> org.hibernate.type.BasicTypeReference@37580931
2026-05-04T20:19:30.781-03:00 DEBUG 78429 --- [api-externa-backend] [restartedMain] org.hibernate.type.BasicTypeRegistry     : Adding type registration java.util.Currency -> org.hibernate.type.BasicTypeReference@37580931
2026-05-04T20:19:30.781-03:00 DEBUG 78429 --- [api-externa-backend] [restartedMain] org.hibernate.type.BasicTypeRegistry     : Adding type registration locale -> org.hibernate.type.BasicTypeReference@100a033
2026-05-04T20:19:30.781-03:00 DEBUG 78429 --- [api-externa-backend] [restartedMain] org.hibernate.type.BasicTypeRegistry     : Adding type registration java.util.Locale -> org.hibernate.type.BasicTypeReference@100a033
2026-05-04T20:19:30.781-03:00 DEBUG 78429 --- [api-externa-backend] [restartedMain] org.hibernate.type.BasicTypeRegistry     : Adding type registration serializable -> org.hibernate.type.BasicTypeReference@5cc89e4b
2026-05-04T20:19:30.781-03:00 DEBUG 78429 --- [api-externa-backend] [restartedMain] org.hibernate.type.BasicTypeRegistry     : Adding type registration java.io.Serializable -> org.hibernate.type.BasicTypeReference@5cc89e4b
2026-05-04T20:19:30.781-03:00 DEBUG 78429 --- [api-externa-backend] [restartedMain] org.hibernate.type.BasicTypeRegistry     : Adding type registration timezone -> org.hibernate.type.BasicTypeReference@233b3b02
2026-05-04T20:19:30.781-03:00 DEBUG 78429 --- [api-externa-backend] [restartedMain] org.hibernate.type.BasicTypeRegistry     : Adding type registration java.util.TimeZone -> org.hibernate.type.BasicTypeReference@233b3b02
2026-05-04T20:19:30.781-03:00 DEBUG 78429 --- [api-externa-backend] [restartedMain] org.hibernate.type.BasicTypeRegistry     : Adding type registration ZoneOffset -> org.hibernate.type.BasicTypeReference@54ddafd5
2026-05-04T20:19:30.781-03:00 DEBUG 78429 --- [api-externa-backend] [restartedMain] org.hibernate.type.BasicTypeRegistry     : Adding type registration java.time.ZoneOffset -> org.hibernate.type.BasicTypeReference@54ddafd5
2026-05-04T20:19:30.781-03:00 DEBUG 78429 --- [api-externa-backend] [restartedMain] org.hibernate.type.BasicTypeRegistry     : Adding type registration url -> org.hibernate.type.BasicTypeReference@50588c45
2026-05-04T20:19:30.781-03:00 DEBUG 78429 --- [api-externa-backend] [restartedMain] org.hibernate.type.BasicTypeRegistry     : Adding type registration java.net.URL -> org.hibernate.type.BasicTypeReference@50588c45
2026-05-04T20:19:30.781-03:00 DEBUG 78429 --- [api-externa-backend] [restartedMain] org.hibernate.type.BasicTypeRegistry     : Adding type registration vector -> org.hibernate.type.BasicTypeReference@487a7ac3
2026-05-04T20:19:30.781-03:00 DEBUG 78429 --- [api-externa-backend] [restartedMain] org.hibernate.type.BasicTypeRegistry     : Adding type registration float_vector -> org.hibernate.type.BasicTypeReference@3263bbe5
2026-05-04T20:19:30.781-03:00 DEBUG 78429 --- [api-externa-backend] [restartedMain] org.hibernate.type.BasicTypeRegistry     : Adding type registration double_vector -> org.hibernate.type.BasicTypeReference@bf9097b
2026-05-04T20:19:30.781-03:00 DEBUG 78429 --- [api-externa-backend] [restartedMain] org.hibernate.type.BasicTypeRegistry     : Adding type registration byte_vector -> org.hibernate.type.BasicTypeReference@1f5786e5
2026-05-04T20:19:30.782-03:00 DEBUG 78429 --- [api-externa-backend] [restartedMain] org.hibernate.type.BasicTypeRegistry     : Adding type registration row_version -> org.hibernate.type.BasicTypeReference@4604bae
2026-05-04T20:19:30.783-03:00 DEBUG 78429 --- [api-externa-backend] [restartedMain] org.hibernate.type.BasicTypeRegistry     : Adding type registration object -> org.hibernate.type.JavaObjectType@6f5eb2dc
2026-05-04T20:19:30.783-03:00 DEBUG 78429 --- [api-externa-backend] [restartedMain] org.hibernate.type.BasicTypeRegistry     : Adding type registration java.lang.Object -> org.hibernate.type.JavaObjectType@6f5eb2dc
2026-05-04T20:19:30.784-03:00 DEBUG 78429 --- [api-externa-backend] [restartedMain] org.hibernate.type.BasicTypeRegistry     : Adding type registration null -> org.hibernate.type.NullType@5697e5f8
2026-05-04T20:19:30.784-03:00 DEBUG 78429 --- [api-externa-backend] [restartedMain] org.hibernate.type.BasicTypeRegistry     : Adding type registration imm_date -> org.hibernate.type.BasicTypeReference@4ab767ab
2026-05-04T20:19:30.784-03:00 DEBUG 78429 --- [api-externa-backend] [restartedMain] org.hibernate.type.BasicTypeRegistry     : Adding type registration imm_time -> org.hibernate.type.BasicTypeReference@fbf797f
2026-05-04T20:19:30.784-03:00 DEBUG 78429 --- [api-externa-backend] [restartedMain] org.hibernate.type.BasicTypeRegistry     : Adding type registration imm_timestamp -> org.hibernate.type.BasicTypeReference@7bc171a3
2026-05-04T20:19:30.784-03:00 DEBUG 78429 --- [api-externa-backend] [restartedMain] org.hibernate.type.BasicTypeRegistry     : Adding type registration imm_calendar -> org.hibernate.type.BasicTypeReference@1210f306
2026-05-04T20:19:30.784-03:00 DEBUG 78429 --- [api-externa-backend] [restartedMain] org.hibernate.type.BasicTypeRegistry     : Adding type registration imm_calendar_date -> org.hibernate.type.BasicTypeReference@636b54d0
2026-05-04T20:19:30.784-03:00 DEBUG 78429 --- [api-externa-backend] [restartedMain] org.hibernate.type.BasicTypeRegistry     : Adding type registration imm_calendar_time -> org.hibernate.type.BasicTypeReference@17ebad43
2026-05-04T20:19:30.784-03:00 DEBUG 78429 --- [api-externa-backend] [restartedMain] org.hibernate.type.BasicTypeRegistry     : Adding type registration imm_binary -> org.hibernate.type.BasicTypeReference@67579a74
2026-05-04T20:19:30.784-03:00 DEBUG 78429 --- [api-externa-backend] [restartedMain] org.hibernate.type.BasicTypeRegistry     : Adding type registration imm_serializable -> org.hibernate.type.BasicTypeReference@72cadd5b
2026-05-04T20:19:30.866-03:00  INFO 78429 --- [api-externa-backend] [restartedMain] o.s.o.j.p.SpringPersistenceUnitInfo      : No LoadTimeWeaver setup: ignoring JPA class transformer
2026-05-04T20:19:30.892-03:00  INFO 78429 --- [api-externa-backend] [restartedMain] org.hibernate.orm.connections.pooling    : HHH10001005: Database info:
	Database JDBC URL [Connecting through datasource 'HikariDataSource (HikariPool-1)']
	Database driver: undefined/unknown
	Database version: 2.3.232
	Autocommit mode: undefined/unknown
	Isolation level: undefined/unknown
	Minimum pool size: undefined/unknown
	Maximum pool size: undefined/unknown
2026-05-04T20:19:30.895-03:00 DEBUG 78429 --- [api-externa-backend] [restartedMain] o.h.t.d.jdbc.spi.JdbcTypeRegistry        : addDescriptor(NCharTypeDescriptor) replaced previous registration(CharTypeDescriptor)
2026-05-04T20:19:30.895-03:00 DEBUG 78429 --- [api-externa-backend] [restartedMain] o.h.t.d.jdbc.spi.JdbcTypeRegistry        : addDescriptor(NVarcharTypeDescriptor) replaced previous registration(VarcharTypeDescriptor)
2026-05-04T20:19:30.895-03:00 DEBUG 78429 --- [api-externa-backend] [restartedMain] o.h.t.d.jdbc.spi.JdbcTypeRegistry        : addDescriptor(LongNVarcharTypeDescriptor) replaced previous registration(LongVarcharTypeDescriptor)
2026-05-04T20:19:30.895-03:00 DEBUG 78429 --- [api-externa-backend] [restartedMain] o.h.t.d.jdbc.spi.JdbcTypeRegistry        : addDescriptor(NClobTypeDescriptor(DEFAULT)) replaced previous registration(ClobTypeDescriptor(DEFAULT))
2026-05-04T20:19:30.896-03:00 DEBUG 78429 --- [api-externa-backend] [restartedMain] o.h.t.d.jdbc.spi.JdbcTypeRegistry        : addDescriptor(TimestampUtcDescriptor) replaced previous registration(TimestampUtcDescriptor)
2026-05-04T20:19:30.897-03:00 DEBUG 78429 --- [api-externa-backend] [restartedMain] org.hibernate.type.BasicTypeRegistry     : Adding type registration org.hibernate.type.DurationType -> basicType@1(java.time.Duration,3015)
2026-05-04T20:19:30.897-03:00 DEBUG 78429 --- [api-externa-backend] [restartedMain] org.hibernate.type.BasicTypeRegistry     : Adding type registration Duration -> basicType@1(java.time.Duration,3015)
2026-05-04T20:19:30.897-03:00 DEBUG 78429 --- [api-externa-backend] [restartedMain] org.hibernate.type.BasicTypeRegistry     : Adding type registration java.time.Duration -> basicType@1(java.time.Duration,3015)
2026-05-04T20:19:30.898-03:00 DEBUG 78429 --- [api-externa-backend] [restartedMain] o.h.type.spi.TypeConfiguration$Scope     : Scoping TypeConfiguration [org.hibernate.type.spi.TypeConfiguration@4bf0ff34] to MetadataBuildingContext [org.hibernate.boot.internal.MetadataBuildingContextRootImpl@361aa5c6]
2026-05-04T20:19:31.165-03:00  INFO 78429 --- [api-externa-backend] [restartedMain] o.h.e.t.j.p.i.JtaPlatformInitiator       : HHH000489: No JTA platform available (set 'hibernate.transaction.jta.platform' to enable JTA platform integration)
2026-05-04T20:19:31.165-03:00 DEBUG 78429 --- [api-externa-backend] [restartedMain] o.h.type.spi.TypeConfiguration$Scope     : Scoping TypeConfiguration [org.hibernate.type.spi.TypeConfiguration@4bf0ff34] to SessionFactoryImplementor [org.hibernate.internal.SessionFactoryImpl@71c78066]
2026-05-04T20:19:31.169-03:00 DEBUG 78429 --- [api-externa-backend] [restartedMain] org.hibernate.SQL                        : 
    drop table if exists tb_acao cascade 
2026-05-04T20:19:31.170-03:00 DEBUG 78429 --- [api-externa-backend] [restartedMain] org.hibernate.SQL                        : 
    drop table if exists tb_corretora cascade 
2026-05-04T20:19:31.170-03:00 DEBUG 78429 --- [api-externa-backend] [restartedMain] org.hibernate.SQL                        : 
    drop sequence if exists seq_acao
2026-05-04T20:19:31.170-03:00 DEBUG 78429 --- [api-externa-backend] [restartedMain] org.hibernate.SQL                        : 
    drop sequence if exists seq_corretora
2026-05-04T20:19:31.172-03:00 DEBUG 78429 --- [api-externa-backend] [restartedMain] org.hibernate.SQL                        : 
    create sequence seq_acao start with 1 increment by 1
2026-05-04T20:19:31.172-03:00 DEBUG 78429 --- [api-externa-backend] [restartedMain] org.hibernate.SQL                        : 
    create sequence seq_corretora start with 1 increment by 1
2026-05-04T20:19:31.173-03:00 DEBUG 78429 --- [api-externa-backend] [restartedMain] org.hibernate.SQL                        : 
    create table tb_acao (
        cotacao_atual numeric(19,4),
        data_hora_cotacao timestamp(6),
        id bigint not null,
        mercado varchar(255) not null,
        moeda varchar(255) not null,
        nome_empresa varchar(255),
        ticker varchar(255) not null unique,
        primary key (id)
    )
2026-05-04T20:19:31.175-03:00 DEBUG 78429 --- [api-externa-backend] [restartedMain] org.hibernate.SQL                        : 
    create table tb_corretora (
        uf varchar(2),
        validada_na_cvm boolean not null,
        cep varchar(8),
        data_cadastro timestamp(6) not null,
        id bigint not null,
        numero varchar(10),
        cnpj varchar(14) not null unique,
        situacao_cadastral varchar(30),
        telefone varchar(30),
        bairro varchar(50),
        cidade varchar(50),
        complemento varchar(100),
        email varchar(100),
        logradouro varchar(100),
        nome_fantasia varchar(100),
        razao_social varchar(100) not null,
        primary key (id)
    )
2026-05-04T20:19:31.177-03:00 TRACE 78429 --- [api-externa-backend] [restartedMain] o.h.type.spi.TypeConfiguration$Scope     : Handling #sessionFactoryCreated from [org.hibernate.internal.SessionFactoryImpl@71c78066] for TypeConfiguration
2026-05-04T20:19:31.177-03:00  INFO 78429 --- [api-externa-backend] [restartedMain] j.LocalContainerEntityManagerFactoryBean : Initialized JPA EntityManagerFactory for persistence unit 'default'
2026-05-04T20:19:31.204-03:00  WARN 78429 --- [api-externa-backend] [restartedMain] JpaBaseConfiguration$JpaWebConfiguration : spring.jpa.open-in-view is enabled by default. Therefore, database queries may be performed during view rendering. Explicitly configure spring.jpa.open-in-view to disable this warning
2026-05-04T20:19:31.217-03:00  INFO 78429 --- [api-externa-backend] [restartedMain] o.s.b.d.a.OptionalLiveReloadServer       : LiveReload server is running on port 35729
2026-05-04T20:19:31.442-03:00  INFO 78429 --- [api-externa-backend] [restartedMain] o.s.b.a.h2.H2ConsoleAutoConfiguration    : H2 console available at '/h2-console'. Database available at 'jdbc:h2:mem:cursodb'
2026-05-04T20:19:31.492-03:00  INFO 78429 --- [api-externa-backend] [restartedMain] o.s.b.w.embedded.tomcat.TomcatWebServer  : Tomcat started on port 8080 (http) with context path '/'
2026-05-04T20:19:31.500-03:00  INFO 78429 --- [api-externa-backend] [restartedMain] com.ApiExternaBackendApplication         : Started ApiExternaBackendApplication in 1.584 seconds (process running for 1.825)
2026-05-04T20:19:39.877-03:00  INFO 78429 --- [api-externa-backend] [http-nio-8080-exec-2] o.a.c.c.C.[Tomcat].[localhost].[/]       : Initializing Spring DispatcherServlet 'dispatcherServlet'
2026-05-04T20:19:39.878-03:00  INFO 78429 --- [api-externa-backend] [http-nio-8080-exec-2] o.s.web.servlet.DispatcherServlet        : Initializing Servlet 'dispatcherServlet'
2026-05-04T20:19:39.879-03:00  INFO 78429 --- [api-externa-backend] [http-nio-8080-exec-2] o.s.web.servlet.DispatcherServlet        : Completed initialization in 1 ms
2026-05-04T20:19:39.955-03:00 DEBUG 78429 --- [api-externa-backend] [http-nio-8080-exec-2] org.hibernate.SQL                        : 
    select
        a1_0.id 
    from
        tb_acao a1_0 
    where
        a1_0.ticker=? 
    fetch
        first ? rows only
2026-05-04T20:19:40.891-03:00 DEBUG 78429 --- [api-externa-backend] [http-nio-8080-exec-2] org.hibernate.SQL                        : 
    select
        next value for seq_acao
2026-05-04T20:19:40.907-03:00 DEBUG 78429 --- [api-externa-backend] [http-nio-8080-exec-2] org.hibernate.SQL                        : 
    insert 
    into
        tb_acao
        (cotacao_atual, data_hora_cotacao, mercado, moeda, nome_empresa, ticker, id) 
    values
        (?, ?, ?, ?, ?, ?, ?)
2026-05-04T20:19:54.201-03:00 DEBUG 78429 --- [api-externa-backend] [http-nio-8080-exec-3] org.hibernate.SQL                        : 
    select
        a1_0.id,
        a1_0.cotacao_atual,
        a1_0.data_hora_cotacao,
        a1_0.mercado,
        a1_0.moeda,
        a1_0.nome_empresa,
        a1_0.ticker 
    from
        tb_acao a1_0
2026-05-04T20:20:05.663-03:00  WARN 78429 --- [api-externa-backend] [http-nio-8080-exec-4] .w.s.m.s.DefaultHandlerExceptionResolver : Resolved [org.springframework.web.method.annotation.MethodArgumentTypeMismatchException: Method parameter 'id': Failed to convert value of type 'java.lang.String' to required type 'java.lang.Long'; For input string: "{id}"]
2026-05-04T20:20:09.269-03:00 DEBUG 78429 --- [api-externa-backend] [http-nio-8080-exec-6] org.hibernate.SQL                        : 
    select
        a1_0.id,
        a1_0.cotacao_atual,
        a1_0.data_hora_cotacao,
        a1_0.mercado,
        a1_0.moeda,
        a1_0.nome_empresa,
        a1_0.ticker 
    from
        tb_acao a1_0 
    where
        a1_0.id=?
2026-05-04T20:20:09.272-03:00 ERROR 78429 --- [api-externa-backend] [http-nio-8080-exec-6] o.a.c.c.C.[.[.[/].[dispatcherServlet]    : Servlet.service() for servlet [dispatcherServlet] in context with path [] threw exception [Request processing failed: java.lang.RuntimeException: Ação não encontrada] with root cause

java.lang.RuntimeException: Ação não encontrada
	at com.services.AcaoService.lambda$buscarPorId$2(AcaoService.java:68) ~[classes/:na]
	at java.base/java.util.Optional.orElseThrow(Optional.java:403) ~[na:na]
	at com.services.AcaoService.buscarPorId(AcaoService.java:68) ~[classes/:na]
	at com.resources.AcaoResource.buscarPorId(AcaoResource.java:42) ~[classes/:na]
	at java.base/jdk.internal.reflect.NativeMethodAccessorImpl.invoke0(Native Method) ~[na:na]
	at java.base/jdk.internal.reflect.NativeMethodAccessorImpl.invoke(NativeMethodAccessorImpl.java:77) ~[na:na]
	at java.base/jdk.internal.reflect.DelegatingMethodAccessorImpl.invoke(DelegatingMethodAccessorImpl.java:43) ~[na:na]
	at java.base/java.lang.reflect.Method.invoke(Method.java:569) ~[na:na]
	at org.springframework.web.method.support.InvocableHandlerMethod.doInvoke(InvocableHandlerMethod.java:258) ~[spring-web-6.2.6.jar:6.2.6]
	at org.springframework.web.method.support.InvocableHandlerMethod.invokeForRequest(InvocableHandlerMethod.java:191) ~[spring-web-6.2.6.jar:6.2.6]
	at org.springframework.web.servlet.mvc.method.annotation.ServletInvocableHandlerMethod.invokeAndHandle(ServletInvocableHandlerMethod.java:118) ~[spring-webmvc-6.2.6.jar:6.2.6]
	at org.springframework.web.servlet.mvc.method.annotation.RequestMappingHandlerAdapter.invokeHandlerMethod(RequestMappingHandlerAdapter.java:986) ~[spring-webmvc-6.2.6.jar:6.2.6]
	at org.springframework.web.servlet.mvc.method.annotation.RequestMappingHandlerAdapter.handleInternal(RequestMappingHandlerAdapter.java:891) ~[spring-webmvc-6.2.6.jar:6.2.6]
	at org.springframework.web.servlet.mvc.method.AbstractHandlerMethodAdapter.handle(AbstractHandlerMethodAdapter.java:87) ~[spring-webmvc-6.2.6.jar:6.2.6]
	at org.springframework.web.servlet.DispatcherServlet.doDispatch(DispatcherServlet.java:1089) ~[spring-webmvc-6.2.6.jar:6.2.6]
	at org.springframework.web.servlet.DispatcherServlet.doService(DispatcherServlet.java:979) ~[spring-webmvc-6.2.6.jar:6.2.6]
	at org.springframework.web.servlet.FrameworkServlet.processRequest(FrameworkServlet.java:1014) ~[spring-webmvc-6.2.6.jar:6.2.6]
	at org.springframework.web.servlet.FrameworkServlet.doGet(FrameworkServlet.java:903) ~[spring-webmvc-6.2.6.jar:6.2.6]
	at jakarta.servlet.http.HttpServlet.service(HttpServlet.java:564) ~[tomcat-embed-core-10.1.40.jar:6.0]
	at org.springframework.web.servlet.FrameworkServlet.service(FrameworkServlet.java:885) ~[spring-webmvc-6.2.6.jar:6.2.6]
	at jakarta.servlet.http.HttpServlet.service(HttpServlet.java:658) ~[tomcat-embed-core-10.1.40.jar:6.0]
	at org.apache.catalina.core.ApplicationFilterChain.internalDoFilter(ApplicationFilterChain.java:195) ~[tomcat-embed-core-10.1.40.jar:10.1.40]
	at org.apache.catalina.core.ApplicationFilterChain.doFilter(ApplicationFilterChain.java:140) ~[tomcat-embed-core-10.1.40.jar:10.1.40]
	at org.apache.tomcat.websocket.server.WsFilter.doFilter(WsFilter.java:51) ~[tomcat-embed-websocket-10.1.40.jar:10.1.40]
	at org.apache.catalina.core.ApplicationFilterChain.internalDoFilter(ApplicationFilterChain.java:164) ~[tomcat-embed-core-10.1.40.jar:10.1.40]
	at org.apache.catalina.core.ApplicationFilterChain.doFilter(ApplicationFilterChain.java:140) ~[tomcat-embed-core-10.1.40.jar:10.1.40]
	at org.springframework.web.filter.RequestContextFilter.doFilterInternal(RequestContextFilter.java:100) ~[spring-web-6.2.6.jar:6.2.6]
	at org.springframework.web.filter.OncePerRequestFilter.doFilter(OncePerRequestFilter.java:116) ~[spring-web-6.2.6.jar:6.2.6]
	at org.apache.catalina.core.ApplicationFilterChain.internalDoFilter(ApplicationFilterChain.java:164) ~[tomcat-embed-core-10.1.40.jar:10.1.40]
	at org.apache.catalina.core.ApplicationFilterChain.doFilter(ApplicationFilterChain.java:140) ~[tomcat-embed-core-10.1.40.jar:10.1.40]
	at org.springframework.web.filter.FormContentFilter.doFilterInternal(FormContentFilter.java:93) ~[spring-web-6.2.6.jar:6.2.6]
	at org.springframework.web.filter.OncePerRequestFilter.doFilter(OncePerRequestFilter.java:116) ~[spring-web-6.2.6.jar:6.2.6]
	at org.apache.catalina.core.ApplicationFilterChain.internalDoFilter(ApplicationFilterChain.java:164) ~[tomcat-embed-core-10.1.40.jar:10.1.40]
	at org.apache.catalina.core.ApplicationFilterChain.doFilter(ApplicationFilterChain.java:140) ~[tomcat-embed-core-10.1.40.jar:10.1.40]
	at org.springframework.web.filter.CharacterEncodingFilter.doFilterInternal(CharacterEncodingFilter.java:201) ~[spring-web-6.2.6.jar:6.2.6]
	at org.springframework.web.filter.OncePerRequestFilter.doFilter(OncePerRequestFilter.java:116) ~[spring-web-6.2.6.jar:6.2.6]
	at org.apache.catalina.core.ApplicationFilterChain.internalDoFilter(ApplicationFilterChain.java:164) ~[tomcat-embed-core-10.1.40.jar:10.1.40]
	at org.apache.catalina.core.ApplicationFilterChain.doFilter(ApplicationFilterChain.java:140) ~[tomcat-embed-core-10.1.40.jar:10.1.40]
	at org.apache.catalina.core.StandardWrapperValve.invoke(StandardWrapperValve.java:167) ~[tomcat-embed-core-10.1.40.jar:10.1.40]
	at org.apache.catalina.core.StandardContextValve.invoke(StandardContextValve.java:90) ~[tomcat-embed-core-10.1.40.jar:10.1.40]
	at org.apache.catalina.authenticator.AuthenticatorBase.invoke(AuthenticatorBase.java:483) ~[tomcat-embed-core-10.1.40.jar:10.1.40]
	at org.apache.catalina.core.StandardHostValve.invoke(StandardHostValve.java:116) ~[tomcat-embed-core-10.1.40.jar:10.1.40]
	at org.apache.catalina.valves.ErrorReportValve.invoke(ErrorReportValve.java:93) ~[tomcat-embed-core-10.1.40.jar:10.1.40]
	at org.apache.catalina.core.StandardEngineValve.invoke(StandardEngineValve.java:74) ~[tomcat-embed-core-10.1.40.jar:10.1.40]
	at org.apache.catalina.connector.CoyoteAdapter.service(CoyoteAdapter.java:344) ~[tomcat-embed-core-10.1.40.jar:10.1.40]
	at org.apache.coyote.http11.Http11Processor.service(Http11Processor.java:398) ~[tomcat-embed-core-10.1.40.jar:10.1.40]
	at org.apache.coyote.AbstractProcessorLight.process(AbstractProcessorLight.java:63) ~[tomcat-embed-core-10.1.40.jar:10.1.40]
	at org.apache.coyote.AbstractProtocol$ConnectionHandler.process(AbstractProtocol.java:903) ~[tomcat-embed-core-10.1.40.jar:10.1.40]
	at org.apache.tomcat.util.net.NioEndpoint$SocketProcessor.doRun(NioEndpoint.java:1740) ~[tomcat-embed-core-10.1.40.jar:10.1.40]
	at org.apache.tomcat.util.net.SocketProcessorBase.run(SocketProcessorBase.java:52) ~[tomcat-embed-core-10.1.40.jar:10.1.40]
	at org.apache.tomcat.util.threads.ThreadPoolExecutor.runWorker(ThreadPoolExecutor.java:1189) ~[tomcat-embed-core-10.1.40.jar:10.1.40]
	at org.apache.tomcat.util.threads.ThreadPoolExecutor$Worker.run(ThreadPoolExecutor.java:658) ~[tomcat-embed-core-10.1.40.jar:10.1.40]
	at org.apache.tomcat.util.threads.TaskThread$WrappingRunnable.run(TaskThread.java:63) ~[tomcat-embed-core-10.1.40.jar:10.1.40]
	at java.base/java.lang.Thread.run(Thread.java:840) ~[na:na]

2026-05-04T20:20:11.967-03:00 DEBUG 78429 --- [api-externa-backend] [http-nio-8080-exec-8] org.hibernate.SQL                        : 
    select
        a1_0.id,
        a1_0.cotacao_atual,
        a1_0.data_hora_cotacao,
        a1_0.mercado,
        a1_0.moeda,
        a1_0.nome_empresa,
        a1_0.ticker 
    from
        tb_acao a1_0 
    where
        a1_0.id=?
2026-05-04T20:20:27.993-03:00 DEBUG 78429 --- [api-externa-backend] [http-nio-8080-exec-9] org.hibernate.SQL                        : 
    select
        a1_0.id,
        a1_0.cotacao_atual,
        a1_0.data_hora_cotacao,
        a1_0.mercado,
        a1_0.moeda,
        a1_0.nome_empresa,
        a1_0.ticker 
    from
        tb_acao a1_0 
    where
        a1_0.ticker=?
2026-05-04T20:21:00.144-03:00 DEBUG 78429 --- [api-externa-backend] [http-nio-8080-exec-10] org.hibernate.SQL                        : 
    select
        a1_0.id,
        a1_0.cotacao_atual,
        a1_0.data_hora_cotacao,
        a1_0.mercado,
        a1_0.moeda,
        a1_0.nome_empresa,
        a1_0.ticker 
    from
        tb_acao a1_0 
    where
        a1_0.id=?
2026-05-04T20:21:00.931-03:00 DEBUG 78429 --- [api-externa-backend] [http-nio-8080-exec-10] org.hibernate.SQL                        : 
    update
        tb_acao 
    set
        cotacao_atual=?,
        data_hora_cotacao=?,
        mercado=?,
        moeda=?,
        nome_empresa=?,
        ticker=? 
    where
        id=?
2026-05-04T20:21:09.875-03:00 DEBUG 78429 --- [api-externa-backend] [http-nio-8080-exec-1] org.hibernate.SQL                        : 
    select
        a1_0.id,
        a1_0.cotacao_atual,
        a1_0.data_hora_cotacao,
        a1_0.mercado,
        a1_0.moeda,
        a1_0.nome_empresa,
        a1_0.ticker 
    from
        tb_acao a1_0 
    where
        a1_0.ticker=?
2026-05-04T20:21:18.838-03:00  WARN 78429 --- [api-externa-backend] [http-nio-8080-exec-2] .w.s.m.s.DefaultHandlerExceptionResolver : Resolved [org.springframework.web.HttpRequestMethodNotSupportedException: Request method 'PUT' is not supported]
2026-05-04T20:21:58.659-03:00 DEBUG 78429 --- [api-externa-backend] [http-nio-8080-exec-5] org.hibernate.SQL                        : 
    select
        a1_0.id,
        a1_0.cotacao_atual,
        a1_0.data_hora_cotacao,
        a1_0.mercado,
        a1_0.moeda,
        a1_0.nome_empresa,
        a1_0.ticker 
    from
        tb_acao a1_0 
    where
        a1_0.id=?
2026-05-04T20:21:59.246-03:00 DEBUG 78429 --- [api-externa-backend] [http-nio-8080-exec-5] org.hibernate.SQL                        : 
    update
        tb_acao 
    set
        cotacao_atual=?,
        data_hora_cotacao=?,
        mercado=?,
        moeda=?,
        nome_empresa=?,
        ticker=? 
    where
        id=?
2026-05-04T20:22:12.033-03:00 DEBUG 78429 --- [api-externa-backend] [http-nio-8080-exec-6] org.hibernate.SQL                        : 
    select
        a1_0.id,
        a1_0.cotacao_atual,
        a1_0.data_hora_cotacao,
        a1_0.mercado,
        a1_0.moeda,
        a1_0.nome_empresa,
        a1_0.ticker 
    from
        tb_acao a1_0 
    where
        a1_0.id=?
2026-05-04T20:22:12.386-03:00 DEBUG 78429 --- [api-externa-backend] [http-nio-8080-exec-6] org.hibernate.SQL                        : 
    update
        tb_acao 
    set
        cotacao_atual=?,
        data_hora_cotacao=?,
        mercado=?,
        moeda=?,
        nome_empresa=?,
        ticker=? 
    where
        id=?
2026-05-04T20:22:18.365-03:00 DEBUG 78429 --- [api-externa-backend] [http-nio-8080-exec-7] org.hibernate.SQL                        : 
    select
        a1_0.id,
        a1_0.cotacao_atual,
        a1_0.data_hora_cotacao,
        a1_0.mercado,
        a1_0.moeda,
        a1_0.nome_empresa,
        a1_0.ticker 
    from
        tb_acao a1_0 
    where
        a1_0.id=?
2026-05-04T20:22:18.687-03:00 DEBUG 78429 --- [api-externa-backend] [http-nio-8080-exec-7] org.hibernate.SQL                        : 
    update
        tb_acao 
    set
        cotacao_atual=?,
        data_hora_cotacao=?,
        mercado=?,
        moeda=?,
        nome_empresa=?,
        ticker=? 
    where
        id=?
2026-05-04T20:22:20.141-03:00 DEBUG 78429 --- [api-externa-backend] [http-nio-8080-exec-8] org.hibernate.SQL                        : 
    select
        a1_0.id,
        a1_0.cotacao_atual,
        a1_0.data_hora_cotacao,
        a1_0.mercado,
        a1_0.moeda,
        a1_0.nome_empresa,
        a1_0.ticker 
    from
        tb_acao a1_0 
    where
        a1_0.id=?
2026-05-04T20:22:20.359-03:00 DEBUG 78429 --- [api-externa-backend] [http-nio-8080-exec-8] org.hibernate.SQL                        : 
    update
        tb_acao 
    set
        cotacao_atual=?,
        data_hora_cotacao=?,
        mercado=?,
        moeda=?,
        nome_empresa=?,
        ticker=? 
    where
        id=?
2026-05-04T20:22:24.542-03:00 DEBUG 78429 --- [api-externa-backend] [http-nio-8080-exec-9] org.hibernate.SQL                        : 
    select
        a1_0.id,
        a1_0.cotacao_atual,
        a1_0.data_hora_cotacao,
        a1_0.mercado,
        a1_0.moeda,
        a1_0.nome_empresa,
        a1_0.ticker 
    from
        tb_acao a1_0 
    where
        a1_0.ticker=?
2026-05-04T20:22:27.169-03:00 DEBUG 78429 --- [api-externa-backend] [http-nio-8080-exec-10] org.hibernate.SQL                        : 
    select
        a1_0.id,
        a1_0.cotacao_atual,
        a1_0.data_hora_cotacao,
        a1_0.mercado,
        a1_0.moeda,
        a1_0.nome_empresa,
        a1_0.ticker 
    from
        tb_acao a1_0 
    where
        a1_0.id=?
2026-05-04T20:22:28.110-03:00 DEBUG 78429 --- [api-externa-backend] [http-nio-8080-exec-1] org.hibernate.SQL                        : 
    select
        a1_0.id,
        a1_0.cotacao_atual,
        a1_0.data_hora_cotacao,
        a1_0.mercado,
        a1_0.moeda,
        a1_0.nome_empresa,
        a1_0.ticker 
    from
        tb_acao a1_0 
    where
        a1_0.id=?
2026-05-04T20:23:01.311-03:00 DEBUG 78429 --- [api-externa-backend] [http-nio-8080-exec-2] org.hibernate.SQL                        : 
    select
        a1_0.id 
    from
        tb_acao a1_0 
    where
        a1_0.ticker=? 
    fetch
        first ? rows only
2026-05-04T20:23:02.062-03:00 DEBUG 78429 --- [api-externa-backend] [http-nio-8080-exec-2] org.hibernate.SQL                        : 
    select
        next value for seq_acao
2026-05-04T20:23:02.063-03:00 DEBUG 78429 --- [api-externa-backend] [http-nio-8080-exec-2] org.hibernate.SQL                        : 
    insert 
    into
        tb_acao
        (cotacao_atual, data_hora_cotacao, mercado, moeda, nome_empresa, ticker, id) 
    values
        (?, ?, ?, ?, ?, ?, ?)
2026-05-04T20:23:08.069-03:00 DEBUG 78429 --- [api-externa-backend] [http-nio-8080-exec-3] org.hibernate.SQL                        : 
    select
        a1_0.id,
        a1_0.cotacao_atual,
        a1_0.data_hora_cotacao,
        a1_0.mercado,
        a1_0.moeda,
        a1_0.nome_empresa,
        a1_0.ticker 
    from
        tb_acao a1_0
2026-05-04T20:23:32.565-03:00 DEBUG 78429 --- [api-externa-backend] [http-nio-8080-exec-4] org.hibernate.SQL                        : 
    select
        a1_0.id,
        a1_0.cotacao_atual,
        a1_0.data_hora_cotacao,
        a1_0.mercado,
        a1_0.moeda,
        a1_0.nome_empresa,
        a1_0.ticker 
    from
        tb_acao a1_0 
    where
        a1_0.id=?
2026-05-04T20:23:33.309-03:00 DEBUG 78429 --- [api-externa-backend] [http-nio-8080-exec-4] org.hibernate.SQL                        : 
    update
        tb_acao 
    set
        cotacao_atual=?,
        data_hora_cotacao=?,
        mercado=?,
        moeda=?,
        nome_empresa=?,
        ticker=? 
    where
        id=?
2026-05-04T20:24:09.774-03:00 DEBUG 78429 --- [api-externa-backend] [http-nio-8080-exec-5] org.hibernate.SQL                        : 
    select
        a1_0.id,
        a1_0.cotacao_atual,
        a1_0.data_hora_cotacao,
        a1_0.mercado,
        a1_0.moeda,
        a1_0.nome_empresa,
        a1_0.ticker 
    from
        tb_acao a1_0 
    where
        a1_0.id=?
2026-05-04T20:24:10.193-03:00 DEBUG 78429 --- [api-externa-backend] [http-nio-8080-exec-5] org.hibernate.SQL                        : 
    update
        tb_acao 
    set
        cotacao_atual=?,
        data_hora_cotacao=?,
        mercado=?,
        moeda=?,
        nome_empresa=?,
        ticker=? 
    where
        id=?
2026-05-04T20:26:38.357-03:00  INFO 78429 --- [api-externa-backend] [SpringApplicationShutdownHook] o.s.b.w.e.tomcat.GracefulShutdown        : Commencing graceful shutdown. Waiting for active requests to complete
2026-05-04T20:26:38.361-03:00  INFO 78429 --- [api-externa-backend] [tomcat-shutdown] o.s.b.w.e.tomcat.GracefulShutdown        : Graceful shutdown complete
2026-05-04T20:26:38.365-03:00  INFO 78429 --- [api-externa-backend] [SpringApplicationShutdownHook] j.LocalContainerEntityManagerFactoryBean : Closing JPA EntityManagerFactory for persistence unit 'default'
2026-05-04T20:26:38.366-03:00 DEBUG 78429 --- [api-externa-backend] [SpringApplicationShutdownHook] org.hibernate.SQL                        : 
    drop table if exists tb_acao cascade 
2026-05-04T20:26:38.371-03:00 DEBUG 78429 --- [api-externa-backend] [SpringApplicationShutdownHook] org.hibernate.SQL                        : 
    drop table if exists tb_corretora cascade 
2026-05-04T20:26:38.371-03:00 DEBUG 78429 --- [api-externa-backend] [SpringApplicationShutdownHook] org.hibernate.SQL                        : 
    drop sequence if exists seq_acao
2026-05-04T20:26:38.371-03:00 DEBUG 78429 --- [api-externa-backend] [SpringApplicationShutdownHook] org.hibernate.SQL                        : 
    drop sequence if exists seq_corretora
2026-05-04T20:26:38.371-03:00 TRACE 78429 --- [api-externa-backend] [SpringApplicationShutdownHook] o.h.type.spi.TypeConfiguration$Scope     : Handling #sessionFactoryClosed from [org.hibernate.internal.SessionFactoryImpl@71c78066] for TypeConfiguration
2026-05-04T20:26:38.372-03:00 DEBUG 78429 --- [api-externa-backend] [SpringApplicationShutdownHook] o.h.type.spi.TypeConfiguration$Scope     : Un-scoping TypeConfiguration [org.hibernate.type.spi.TypeConfiguration$Scope@26eddb8d] from SessionFactory [org.hibernate.internal.SessionFactoryImpl@71c78066]
2026-05-04T20:26:38.375-03:00  WARN 78429 --- [api-externa-backend] [SpringApplicationShutdownHook] o.s.b.f.support.DisposableBeanAdapter    : Invocation of destroy method failed on bean with name 'inMemoryDatabaseShutdownExecutor': org.h2.jdbc.JdbcSQLNonTransientConnectionException: Database is already closed (to disable automatic closing at VM shutdown, add ";DB_CLOSE_ON_EXIT=FALSE" to the db URL) [90121-232]
2026-05-04T20:26:38.375-03:00  INFO 78429 --- [api-externa-backend] [SpringApplicationShutdownHook] com.zaxxer.hikari.HikariDataSource       : HikariPool-1 - Shutdown initiated...
2026-05-04T20:26:38.377-03:00  INFO 78429 --- [api-externa-backend] [SpringApplicationShutdownHook] com.zaxxer.hikari.HikariDataSource       : HikariPool-1 - Shutdown completed.
